Clustering;Tool;Motif;AMP_sequences_with_hit;nonAMP_sequences_with_hit;Total_AMP_sequences;Total_nonAMP_sequences;AMP_hit_rate;nonAMP_hit_rate;Enrichment_ratio;ER_is_infinite;Fisher_oddsratio;Fisher_pvalue;FDR_corrected;Significant_Fisher;Significant_FDR;FDR_corrected_global;Significant_FDR_global
mmseq;meme;CINGKCRC;1408;0;13146;131460;0.107105;0.0;inf;True;inf;0.0;0.0;True;True;0.0;True
cdhit;meme;KCINGVCC;1216;0;8682;86820;0.14006;0.0;inf;True;inf;0.0;0.0;True;True;0.0;True
mmseq;streme;FLPILKGLLKGL;1119;0;13146;131460;0.085121;0.0;inf;True;inf;0.0;0.0;True;True;0.0;True
mmseq;streme;FLYLLJJFLSLFL;1078;0;13146;131460;0.082002;0.0;inf;True;inf;0.0;0.0;True;True;0.0;True
mmseq;meme;CGAXCLSGGYSGGGC;1001;0;13146;131460;0.076145;0.0;inf;True;inf;0.0;0.0;True;True;0.0;True
cdhit;streme;CDADCP;944;0;8682;86820;0.108731;0.0;inf;True;inf;0.0;0.0;True;True;0.0;True
cdhit;meme;LILLLLLFLVLILLS;808;0;8682;86820;0.093066;0.0;inf;True;inf;0.0;0.0;True;True;0.0;True
mmseq;meme;FVYVLIJFLSLFLVVTNGSA;792;0;13146;131460;0.060246;0.0;inf;True;inf;0.0;0.0;True;True;0.0;True
mmseq;meme;FFKKIKKKIKKIGK;654;0;13146;131460;0.049749;0.0;inf;True;inf;0.0;0.0;True;True;0.0;True
mmseq;streme;CGGSCVT;609;0;13146;131460;0.046326;0.0;inf;True;inf;0.0;0.0;True;True;0.0;True
cdhit;streme;KSCCPSTTC;598;0;8682;86820;0.068878;0.0;inf;True;inf;0.0;0.0;True;True;0.0;True
mmseq;streme;KVVAATYVLV;597;0;13146;131460;0.045413;0.0;inf;True;inf;0.0;0.0;True;True;0.0;True
cdhit;meme;ILGAIWEGIKSLF;588;0;8682;86820;0.067726;0.0;inf;True;inf;0.0;0.0;True;True;0.0;True
cdhit;meme;KKCCRK;574;0;8682;86820;0.066114;0.0;inf;True;inf;0.0;0.0;True;True;0.0;True
mmseq;meme;FLFHLFLALF;536;0;13146;131460;0.040773;0.0;inf;True;inf;0.0;0.0;True;True;0.0;True
mmseq;meme;LLKAAGKVLAKIJGG;530;0;13146;131460;0.040316;0.0;inf;True;inf;0.0;0.0;True;True;0.0;True
mmseq;meme;IGKLIKGAAGGAGALVG;493;0;13146;131460;0.037502;0.0;inf;True;inf;0.0;0.0;True;True;0.0;True
cdhit;meme;CKJTKTC;471;0;8682;86820;0.05425;0.0;inf;True;inf;0.0;0.0;True;True;0.0;True
mmseq;meme;FLPLLAGLAAKLLP;453;0;13146;131460;0.034459;0.0;inf;True;inf;0.0;0.0;True;True;0.0;True
mmseq;meme;LKKRLKKWKK;374;0;13146;131460;0.02845;0.0;inf;True;inf;0.0;0.0;True;True;0.0;True
cdhit;streme;LKKAVK;370;0;8682;86820;0.042617;0.0;inf;True;inf;0.0;0.0;True;True;0.0;True
cdhit;streme;ILKFVYA;328;0;8682;86820;0.037779;0.0;inf;True;inf;0.0;0.0;True;True;0.0;True
cdhit;meme;FSGGSC;310;0;8682;86820;0.035706;0.0;inf;True;inf;0.0;0.0;True;True;0.0;True
cdhit;meme;LGLLGKLL;308;0;8682;86820;0.035476;0.0;inf;True;inf;1e-323;2e-323;True;True;3.5e-323;True
cdhit;streme;GGGCPFN;285;0;8682;86820;0.032827;0.0;inf;True;inf;2.189858317430186e-299;1.0401827007793384e-298;True;True;7.527637966166265e-299;True
cdhit;meme;MVVILKYVYV;277;0;8682;86820;0.031905;0.0;inf;True;inf;5.9626818824219966e-291;1.2196394759499539e-290;True;True;1.9291029619600578e-290;True
cdhit;streme;MAQISK;247;0;8682;86820;0.02845;0.0;inf;True;inf;2.3986233934916055e-259;1.0517041033001656e-258;True;True;7.432354177016242e-259;True
cdhit;streme;EKIGQNIRDG;223;0;8682;86820;0.025685;0.0;inf;True;inf;4.2969784328574174e-234;1.7494840762348058e-233;True;True;1.1966269053526985e-233;True
cdhit;streme;VPSVIGAV;201;0;8682;86820;0.023151;0.0;inf;True;inf;5.731365823650978e-211;2.1779190129873716e-210;True;True;1.4661633502362966e-210;True
cdhit;streme;EKLKEA;183;0;8682;86820;0.021078;0.0;inf;True;inf;4.591919283056214e-192;1.6358712445887764e-191;True;True;1.086260475561685e-191;True
cdhit;streme;WBTFKEL;182;0;8682;86820;0.020963;0.0;inf;True;inf;5.149432306599036e-191;1.7265743616243826e-190;True;True;1.1925001131071452e-190;True
cdhit;streme;KVKLIK;173;0;8682;86820;0.019926;0.0;inf;True;inf;1.4373151260141695e-181;4.5514978990448703e-181;True;True;3.2266257930930335e-181;True
mmseq;streme;IGTCVG;171;0;13146;131460;0.013008;0.0;inf;True;inf;3.0426329311084713e-179;8.22637792484883e-179;True;True;6.627517275681819e-179;True
cdhit;streme;TCDLLS;165;0;8682;86820;0.019005;0.0;inf;True;inf;3.553458921082069e-173;1.0127357925083898e-172;True;True;7.589912258621895e-173;True
cdhit;streme;BGRKJCLD;163;0;8682;86820;0.018774;0.0;inf;True;inf;4.45104181935725e-171;1.2081399223969679e-170;True;True;9.415665387101874e-171;True
cdhit;streme;RDADEEEG;158;0;8682;86820;0.018199;0.0;inf;True;inf;7.801450274016023e-166;2.0212848437223333e-165;True;True;1.6345895812224048e-165;True
cdhit;meme;GGGSGYGK;156;0;8682;86820;0.017968;0.0;inf;True;inf;9.75744315443622e-164;1.568160506962964e-163;True;True;2.0251297112980836e-163;True
mmseq;streme;ATCDLL;145;0;13146;131460;0.01103;0.0;inf;True;inf;4.822324237671652e-152;1.2138954115518297e-151;True;True;9.644648475343304e-152;True
cdhit;streme;VYRNGVR;139;0;8682;86820;0.01601;0.0;inf;True;inf;6.422680256954225e-146;1.5917077158538733e-145;True;True;1.2504333243627694e-145;True
cdhit;streme;JGAVLK;137;0;8682;86820;0.01578;0.0;inf;True;inf;8.000487800527579e-144;1.9001158526253002e-143;True;True;1.5305281009704935e-143;True
cdhit;streme;FIKHFIHR;134;0;8682;86820;0.015434;0.0;inf;True;inf;1.1113982907393494e-140;2.533988102885717e-140;True;True;2.1078243445056627e-140;True
cdhit;streme;YTSLIHGL;123;0;8682;86820;0.014167;0.0;inf;True;inf;3.679072232268213e-129;8.020522323559495e-129;True;True;6.689222240487659e-129;True
mmseq;meme;CGETCVLI;123;0;13146;131460;0.009356;0.0;inf;True;inf;4.814989397794156e-129;6.190700654306771e-129;True;True;8.612176158656213e-129;True
cdhit;meme;GWGSPI;121;0;8682;86820;0.013937;0.0;inf;True;inf;4.567296880895736e-127;7.087184815183038e-127;True;True;8.103268659653725e-127;True
cdhit;streme;GFSGGR;119;0;8682;86820;0.013707;0.0;inf;True;inf;5.667551526440157e-125;1.1537515607396034e-124;True;True;9.974890686534675e-125;True
cdhit;meme;VKKYIKBGI;118;0;8682;86820;0.013591;0.0;inf;True;inf;6.312397650606814e-124;9.46859647591022e-124;True;True;1.1021646691535706e-123;True
cdhit;meme;IKKILES;104;0;8682;86820;0.011979;0.0;inf;True;inf;2.821856310005941e-109;4.0962430306537855e-109;True;True;4.703093850009902e-109;True
cdhit;streme;ELDQIIG;103;0;8682;86820;0.011864;0.0;inf;True;inf;3.137921320879552e-108;5.962050509671149e-108;True;True;5.1518111238320996e-108;True
cdhit;streme;QQEKNE;97;0;8682;86820;0.011173;0.0;inf;True;inf;5.9199462183570686e-102;1.0544904201448529e-101;True;True;9.369699050637086e-102;True
cdhit;streme;ITAAVAL;92;0;8682;86820;0.010597;0.0;inf;True;inf;1.001801255533658e-96;1.7303839868308637e-96;True;True;1.5199743187407224e-96;True
cdhit;meme;NVRWCPLSNIEGNKC;89;0;8682;86820;0.010251;0.0;inf;True;inf;1.3718536115564924e-93;1.9291691412513175e-93;True;True;2.0392418550164077e-93;True
cdhit;streme;HHHHHHG;88;0;8682;86820;0.010136;0.0;inf;True;inf;1.5230863450436489e-92;2.480454904785371e-92;True;True;2.233859972730685e-92;True
cdhit;streme;YKRKFL;88;0;8682;86820;0.010136;0.0;inf;True;inf;1.5230863450436489e-92;2.480454904785371e-92;True;True;2.233859972730685e-92;True
cdhit;streme;EWYNQTK;85;0;8682;86820;0.00979;0.0;inf;True;inf;2.083046326457011e-89;3.2981566835569345e-89;True;True;3.0349019325863734e-89;True
cdhit;streme;EELDKY;84;0;8682;86820;0.009675;0.0;inf;True;inf;2.3117017257254626e-88;3.467552588588194e-88;True;True;3.302431036750661e-88;True
cdhit;streme;GQAASI;81;0;8682;86820;0.00933;0.0;inf;True;inf;3.157582351183698e-85;4.4995548504367697e-85;True;True;4.424637689556774e-85;True
cdhit;streme;GYGGWG;77;0;8682;86820;0.008869;0.0;inf;True;inf;4.778322034862845e-81;6.484865618742433e-81;True;True;6.61151476521903e-81;True
mmseq;streme;DTRACD;74;0;13146;131460;0.005629;0.0;inf;True;inf;7.172274610750657e-78;1.0907834303849957e-77;True;True;9.740126014599658e-78;True
cdhit;streme;EEKREL;71;0;8682;86820;0.008178;0.0;inf;True;inf;8.867049809234917e-75;1.1753996258753262e-74;True;True;1.1967797288537923e-74;True
cdhit;meme;EVLAGEY;67;0;8682;86820;0.007717;0.0;inf;True;inf;1.3361768324917513e-70;1.7684693371214356e-70;True;True;1.7708367659529236e-70;True
cdhit;streme;LDVGTN;67;0;8682;86820;0.007717;0.0;inf;True;inf;1.3361768324917513e-70;1.7309563511824962e-70;True;True;1.7708367659529236e-70;True
cdhit;streme;LQLTVWG;66;0;8682;86820;0.007602;0.0;inf;True;inf;1.480029853594276e-69;1.8747044812194163e-69;True;True;1.9381343320877422e-69;True
cdhit;streme;KQLQARIL;63;0;8682;86820;0.007256;0.0;inf;True;inf;2.010087677365179e-66;2.4907608176046787e-66;True;True;2.6012899354137614e-66;True
cdhit;streme;SIGNLI;61;0;8682;86820;0.007026;0.0;inf;True;inf;2.4638570217965485e-64;2.9880819200511334e-64;True;True;3.151445027879306e-64;True
cdhit;streme;LGPPISLE;58;0;8682;86820;0.00668;0.0;inf;True;inf;3.340970145497998e-61;3.967402047778873e-61;True;True;4.2000767543403405e-61;True
cdhit;meme;MCVEAMB;57;0;8682;86820;0.006565;0.0;inf;True;inf;3.697146614922393e-60;4.496529666797505e-60;True;True;4.621433268652991e-60;True
cdhit;streme;JEESQE;56;0;8682;86820;0.00645;0.0;inf;True;inf;4.090863155667552e-59;4.66358399746101e-59;True;True;5.027876504172411e-59;True
cdhit;streme;LGTSIPD;56;0;8682;86820;0.00645;0.0;inf;True;inf;4.090863155667552e-59;4.66358399746101e-59;True;True;5.027876504172411e-59;True
cdhit;streme;SLSVAQ;54;0;8682;86820;0.00622;0.0;inf;True;inf;5.0069601270158115e-57;5.596014259605907e-57;True;True;6.052369384304828e-57;True
cdhit;streme;AGGSRQ;48;0;8682;86820;0.005529;0.0;inf;True;inf;9.156997171497118e-51;1.0037477668756456e-50;True;True;1.0889402041780356e-50;True
cdhit;streme;LFDLDVV;42;0;8682;86820;0.004838;0.0;inf;True;inf;1.6683420845461492e-44;1.7942546947005755e-44;True;True;1.962755393583705e-44;True
cdhit;streme;KIEEYT;39;0;8682;86820;0.004492;0.0;inf;True;inf;2.2487123847528575e-41;2.373640850572461e-41;True;True;2.6314719396044077e-41;True
cdhit;meme;YQIPAJPK;24;0;8682;86820;0.002764;0.0;inf;True;inf;9.863069890989187e-26;1.0825320612061302e-25;True;True;1.0849376880088106e-25;True
mmseq;meme;CKTDADC;895;1;13146;131460;0.068082;8e-06;8950.0;False;9603.771528854788;0.0;0.0;True;True;0.0;True
cdhit;meme;FLGAJLKLAAKVLPKIICKI;738;2;8682;86820;0.085003;2.3e-05;3690.0;False;4032.7092145015104;0.0;0.0;True;True;0.0;True
cdhit;streme;IJFLSLFLVV;711;2;8682;86820;0.081894;2.3e-05;3555.0;False;3872.010914565299;0.0;0.0;True;True;0.0;True
cdhit;meme;CXTDEDCPKVC;1371;6;8682;86820;0.157913;6.9e-05;2284.9999999999995;False;2713.3085761181783;0.0;0.0;True;True;0.0;True
mmseq;streme;KKLLKKLC;1890;9;13146;131460;0.14377;6.8e-05;2100.0000000000005;False;2452.444029850746;0.0;0.0;True;True;0.0;True
mmseq;meme;EEVEELEEEELEE;192;1;13146;131460;0.014605;8e-06;1920.0;False;1948.4427975914775;5.545553980217453e-199;8.605169969302943e-199;True;True;1.3261107343998258e-198;True
cdhit;streme;FLPLLAGL;321;2;8682;86820;0.036973;2.3e-05;1605.0;False;1666.5816289917475;0.0;0.0;True;True;0.0;True
cdhit;meme;CSWPVC;386;3;8682;86820;0.04446;3.5e-05;1286.6666666666667;False;1346.4867405978785;0.0;0.0;True;True;0.0;True
mmseq;streme;ARNIYNVC;209;2;13146;131460;0.015898;1.5e-05;1045.0;False;1061.8660431321018;9.050794422673788e-215;3.886517605030509e-214;True;True;2.3704461583193256e-214;True
cdhit;streme;CIYGTCR;818;9;8682;86820;0.094218;0.000104;908.8888888888888;False;1003.3259579518481;0.0;0.0;True;True;0.0;True
cdhit;streme;LKKLLKKLKK;1278;17;8682;86820;0.147201;0.000196;751.7647058823529;False;881.353751549242;0.0;0.0;True;True;0.0;True
cdhit;meme;KKRKRRR;217;3;8682;86820;0.024994;3.5e-05;723.3333333333333;False;741.8503248670999;1.1608852392731658e-221;2.0895934306916982e-221;True;True;3.077045212531283e-221;True
mmseq;meme;WKKJKKLAKK;927;13;13146;131460;0.070516;9.9e-05;713.076923076923;False;767.0989631532229;0.0;0.0;True;True;0.0;True
cdhit;meme;CRRRGGYCRFXPCPFCPF;1033;16;8682;86820;0.118982;0.000184;645.625;False;732.681821153092;0.0;0.0;True;True;0.0;True
cdhit;meme;VLSKLGBVIEEI;255;4;8682;86820;0.029371;4.6e-05;637.5;False;656.7604129583482;1.1450846497505154e-259;2.2403830103814434e-259;True;True;3.5988374706444773e-259;True
cdhit;streme;GCKIKGEC;305;5;8682;86820;0.03513;5.8e-05;610.0;False;632.1732123671959;2.53427715933523e-310;1.31321634620098e-309;True;True;8.8498567468849e-310;True
mmseq;streme;RIRVAVIRA;356;6;13146;131460;0.02708;4.6e-05;593.3333333333334;False;609.8204847537138;0.0;0.0;True;True;0.0;True
mmseq;streme;CPPGTA;178;3;13146;131460;0.01354;2.3e-05;593.3333333333334;False;601.4637569401604;1.0530548891620886e-180;3.074920276353299e-180;True;True;2.3401219759157525e-180;True
mmseq;streme;GLLEAL;177;3;13146;131460;0.013464;2.3e-05;590.0;False;598.0386305806153;1.1532817536013502e-179;3.238060308188406e-179;True;True;2.5372198579229703e-179;True
mmseq;streme;EINNYT;57;1;13146;131460;0.004336;8e-06;569.9999999999999;False;572.4778821911528;2.0680484542500786e-58;2.9032218684664567e-58;True;True;2.5276147774167626e-58;True
mmseq;meme;BLKELASLI;161;3;13146;131460;0.012247;2.3e-05;536.6666666666667;False;543.3083557951483;4.827114495952866e-163;7.2406717439293e-163;True;True;9.924908309435799e-163;True
cdhit;meme;AAAAAVAGAAAG;242;5;8682;86820;0.027874;5.8e-05;484.0;False;497.84905213270144;2.0384291932082832e-244;3.822054737265531e-244;True;True;5.979392300077631e-244;True
cdhit;streme;VVAATY;82;2;8682;86820;0.009445;2.3e-05;410.0;False;413.8997674418605;8.233489678761738e-83;1.1446558821693147e-82;True;True;1.146435271726318e-82;True
mmseq;streme;NLKAJAA;241;6;13146;131460;0.018333;4.6e-05;401.6666666666667;False;409.1490895001937;2.394963394495155e-241;1.1655488519876423e-240;True;True;6.755024958832489e-241;True
mmseq;streme;AVAQQG;115;3;13146;131460;0.008748;2.3e-05;383.3333333333333;False;386.7074668099148;2.221748934908631e-115;4.63393349280943e-115;True;True;3.7890291913170456e-115;True
cdhit;meme;GJLSGJLGAGKNJVC;605;18;8682;86820;0.069684;0.000207;336.1111111111111;False;361.21229004168214;0.0;0.0;True;True;0.0;True
cdhit;meme;WKKWKKKW;684;21;8682;86820;0.078784;0.000242;325.7142857142857;False;353.48429964634016;0.0;0.0;True;True;0.0;True
mmseq;streme;EIMNSA;58;2;13146;131460;0.004412;1.5e-05;290.0;False;291.2807151589242;5.205978426098717e-58;7.170498586890685e-58;True;True;6.327708584208385e-58;True
mmseq;meme;CPWNARQIGT;137;5;13146;131460;0.010421;3.8e-05;274.0;False;276.8750096087324;3.135826176911914e-135;4.150358175324592e-135;True;True;5.797325705215302e-135;True
mmseq;streme;NVEKRV;101;4;13146;131460;0.007683;3e-05;252.5;False;254.44722115753163;1.5276744771804785e-99;2.5934938798645334e-99;True;True;2.3502684264315055e-99;True
mmseq;streme;MTPFLRGV;100;4;13146;131460;0.007607;3e-05;249.99999999999997;False;251.90863099800706;1.6277071725196348e-98;2.7005141725893942e-98;True;True;2.4867748469049976e-98;True
mmseq;meme;JLDAJKNLAK;1196;51;13146;131460;0.090978;0.000388;234.50980392156862;False;257.8803248830913;0.0;0.0;True;True;0.0;True
mmseq;meme;RKKCKKNE;256;11;13146;131460;0.019474;8.4e-05;232.72727272727272;False;237.32945905917202;9.353319314082458e-250;1.82999725710309e-249;True;True;2.818808560408412e-249;True
mmseq;streme;GGEVTEEE;107;5;13146;131460;0.008139;3.8e-05;214.0;False;215.74791011580643;2.1105841336257105e-104;3.950580557812227e-104;True;True;3.389259192683623e-104;True
mmseq;streme;LGALIK;305;17;13146;131460;0.023201;0.000129;179.41176470588235;False;183.6494088329203;1.5174330873466669e-292;9.23105128135889e-292;True;True;5.058110291155557e-292;True
cdhit;meme;PPPRPPPPPPPRPPP;196;11;8682;86820;0.022575;0.000127;178.18181818181822;False;182.2741627921925;2.112421258942164e-188;3.6561137173998997e-188;True;True;4.840965385075792e-188;True
mmseq;meme;VLGVVGNGL;160;9;13146;131460;0.012171;6.8e-05;177.7777777777778;False;179.95584988962472;1.0586560943106737e-153;1.53675884658001e-153;True;True;2.1367370710857634e-153;True
mmseq;streme;DSDCPK;525;30;13146;131460;0.039936;0.000228;175.0;False;182.2379367720466;0.0;0.0;True;True;0.0;True
mmseq;streme;EERBADEE;223;13;13146;131460;0.016963;9.9e-05;171.53846153846155;False;174.48128262668232;2.5229824415933642e-213;1.0232095457573089e-212;True;True;6.53007220177106e-213;True
mmseq;streme;GIASSJ;219;13;13146;131460;0.016659;9.9e-05;168.46153846153845;False;171.29855222521735;3.126294867433419e-209;1.141097626613198e-208;True;True;7.815737168583547e-209;True
cdhit;meme;CWKGKGKC;1090;65;8682;86820;0.125547;0.000749;167.6923076923077;False;191.62468590419064;0.0;0.0;True;True;0.0;True
mmseq;meme;GYGGYGGGPYGGGGGPGGGG;117;7;13146;131460;0.0089;5.3e-05;167.14285714285714;False;168.63481464425513;3.503552329894915e-112;4.261077157980302e-112;True;True;5.929088558283702e-112;True
mmseq;meme;AGKLLDKLKCKJTK;312;19;13146;131460;0.023733;0.000145;164.21052631578948;False;168.17824364557958;2.58560317692185e-297;5.540578236261107e-297;True;True;8.751272291120107e-297;True
mmseq;meme;KLLKKLLKLL;1064;67;13146;131460;0.080937;0.00051;158.80597014925374;False;172.70313553899103;0.0;0.0;True;True;0.0;True
mmseq;meme;KKLFKKKK;606;39;13146;131460;0.046098;0.000297;155.3846153846154;False;162.8453073242547;0.0;0.0;True;True;0.0;True
cdhit;streme;NYWILEY;90;6;8682;86820;0.010366;6.9e-05;150.0;False;151.56075418994413;6.544572604907416e-86;9.565144576403147e-86;True;True;9.229525468459177e-86;True
mmseq;streme;RRRRRR;1311;99;13146;131460;0.099726;0.000753;132.4242424242424;False;146.98251718707994;0.0;0.0;True;True;0.0;True
cdhit;meme;YGNGVYCNKKKC;460;36;8682;86820;0.052983;0.000415;127.77777777777777;False;134.8706721803292;0.0;0.0;True;True;0.0;True
cdhit;meme;KKVGKKVAKAVAK;551;44;8682;86820;0.063465;0.000507;125.22727272727273;False;133.64557641350163;0.0;0.0;True;True;0.0;True
mmseq;streme;FLPLLL;365;30;13146;131460;0.027765;0.000228;121.66666666666667;False;125.11266724043502;0.0;0.0;True;True;0.0;True
cdhit;meme;LGKLJKKAAK;868;75;8682;86820;0.099977;0.000864;115.73333333333332;False;128.47821858203224;0.0;0.0;True;True;0.0;True
mmseq;streme;MDTLKKS;318;29;13146;131460;0.02419;0.000221;109.65517241379311;False;112.34868230057094;2.194685248835013e-292;1.2324001781919688e-291;True;True;7.206429175279146e-292;True
mmseq;streme;LKLKLK;757;70;13146;131460;0.057584;0.000532;108.14285714285714;False;114.68956332230204;0.0;0.0;True;True;0.0;True
mmseq;meme;IVKAVAKYGPKAVV;254;25;13146;131460;0.019321;0.00019;101.6;False;103.58203537077257;9.353760898245073e-232;1.558960149707512e-231;True;True;2.5405276513752052e-231;True
cdhit;streme;AITKKC;142;15;8682;86820;0.016356;0.000173;94.66666666666667;False;96.22412177985949;3.7991947848439715e-129;8.020522323559495e-129;True;True;6.851006989062899e-129;True
mmseq;meme;RKKWFW;426;45;13146;131460;0.032405;0.000342;94.66666666666666;False;97.80361635220126;0.0;0.0;True;True;0.0;True
mmseq;streme;ATGGNAGW;104;11;13146;131460;0.007911;8.4e-05;94.54545454545453;False;95.2914081777753;8.682888734902233e-95;1.377936690538833e-94;True;True;1.299479946720062e-94;True
mmseq;streme;DWVRWI;232;25;13146;131460;0.017648;0.00019;92.8;False;94.44918692891436;1.2819238580029766e-209;4.925286401800911e-209;True;True;3.2416465374787913e-209;True
mmseq;streme;IPCVTV;110;12;13146;131460;0.008368;9.1e-05;91.66666666666667;False;92.4317275237803;7.787615591014712e-100;1.3535617574858904e-99;True;True;1.2065319929741102e-99;True
cdhit;streme;AKQLLES;116;14;8682;86820;0.013361;0.000161;82.85714285714286;False;83.96564490844202;4.6381568191661025e-104;8.528223828789284e-104;True;True;7.394163045047409e-104;True
mmseq;streme;YGNGVY;226;28;13146;131460;0.017192;0.000213;80.71428571428571;False;82.10866873065015;8.361506398951132e-201;2.6538694222757945e-200;True;True;2.0214630854607132e-200;True
mmseq;streme;FIGAIA;149;20;13146;131460;0.011334;0.000152;74.5;False;75.34261752712165;2.2396936906984556e-131;4.954473921848099e-131;True;True;4.1061050996138355e-131;True
mmseq;meme;WRWWRRW;1507;205;13146;131460;0.114636;0.001559;73.51219512195122;False;82.90096374887625;0.0;0.0;True;True;0.0;True
mmseq;streme;SIPPIC;114;16;13146;131460;0.008672;0.000122;71.24999999999999;False;71.86452578268877;3.318953017092661e-100;5.909355371896688e-100;True;True;5.178508253619756e-100;True
mmseq;streme;TISLSLCE;185;27;13146;131460;0.014073;0.000205;68.51851851851852;False;69.48225016931136;5.690934003921615e-161;1.483707793879564e-160;True;True;1.1592643341321808e-160;True
mmseq;streme;GIGCPT;170;25;13146;131460;0.012932;0.00019;68.0;False;68.87777435265104;7.518820556111567e-148;1.8295796686538147e-147;True;True;1.4902166867968872e-147;True
mmseq;streme;AGYLLG;128;19;13146;131460;0.009737;0.000145;67.36842105263158;False;68.0209911782067;1.778419586851701e-111;3.606239717782616e-111;True;True;2.986658848147895e-111;True
mmseq;streme;KIRVRL;221;33;13146;131460;0.016811;0.000251;66.96969696969697;False;68.09768946720591;1.8058808948410262e-191;5.4928877218081216e-191;True;True;4.2265297538832534e-191;True
mmseq;streme;KHFIHRF;116;18;13146;131460;0.008824;0.000137;64.44444444444444;False;65.00926068048093;1.6899317669889873e-100;3.084125474754902e-100;True;True;2.655607062411266e-100;True
mmseq;streme;PIGASCRDDSE;44;7;13146;131460;0.003347;5.3e-05;62.85714285714286;False;63.064875591512745;8.547330634754847e-39;1.0757847178225928e-38;True;True;9.845092877728096e-39;True
mmseq;meme;WQRNJRKV;315;54;13146;131460;0.023962;0.000411;58.33333333333333;False;59.740861974904526;5.885622689260646e-267;1.2038773682578594e-266;True;True;1.8765753501990466e-266;True
cdhit;meme;CGEHCVKI;782;143;8682;86820;0.090071;0.001647;54.68531468531469;False;59.999481278215455;0.0;0.0;True;True;0.0;True
mmseq;streme;GPAVAVV;113;21;13146;131460;0.008596;0.00016;53.8095238095238;False;54.267398143175015;3.314485271949985e-95;5.3768316633855305e-95;True;True;4.994429861842443e-95;True
mmseq;streme;FAKLLA;166;31;13146;131460;0.012627;0.000236;53.54838709677419;False;54.22042348029226;3.860988157942463e-139;8.807879235306244e-139;True;True;7.259977732883264e-139;True
mmseq;streme;RRWWCL;704;135;13146;131460;0.053552;0.001027;52.14814814814815;False;55.042240440086445;0.0;0.0;True;True;0.0;True
mmseq;meme;LKLLLKL;575;117;13146;131460;0.04374;0.00089;49.14529914529914;False;51.34747454968599;0.0;0.0;True;True;0.0;True
mmseq;streme;RTCESQS;130;27;13146;131460;0.009889;0.000205;48.148148148148145;False;48.61905005804822;3.087530014485861e-107;6.091613271823456e-107;True;True;5.0315303939769586e-107;True
mmseq;streme;GALGNL;80;17;13146;131460;0.006086;0.000129;47.05882352941176;False;47.340830714652306;3.0222451542274214e-66;4.502528495073505e-66;True;True;3.888268619473876e-66;True
mmseq;meme;WRWWWR;1527;326;13146;131460;0.116157;0.00248;46.84049079754601;False;52.864970481499256;0.0;0.0;True;True;0.0;True
mmseq;streme;GGGSGV;98;21;13146;131460;0.007455;0.00016;46.666666666666664;False;47.00965665236051;1.0232673032041416e-80;1.589330066678773e-80;True;True;1.4069925419056947e-80;True
mmseq;streme;ARLLRRLAR;130;28;13146;131460;0.009889;0.000213;46.42857142857143;False;46.88229870928088;1.5864818116059486e-106;3.0477150591377436e-106;True;True;2.5663676364213877e-106;True
mmseq;streme;MFTMKK;145;33;13146;131460;0.01103;0.000251;43.93939393939393;False;44.41829649467523;1.9579750142986675e-117;4.2038875307000805e-117;True;True;3.365269555825835e-117;True
mmseq;streme;PPGFPPPP;289;66;13146;131460;0.021984;0.000502;43.78787878787879;False;44.74966590537875;7.745822529946897e-233;3.5340315292882715e-232;True;True;2.1301011957353964e-232;True
mmseq;streme;KEWIRR;252;59;13146;131460;0.019169;0.000449;42.71186440677966;False;43.52707999779164;3.9848820158363177e-202;1.3222563052547783e-201;True;True;9.740822705377665e-202;True
cdhit;streme;GIJKKI;543;130;8682;86820;0.062543;0.001497;41.76923076923077;False;44.48918313533131;0.0;0.0;True;True;0.0;True
cdhit;meme;KKJKDFLKK;511;123;8682;86820;0.058857;0.001417;41.54471544715447;False;44.080310795764916;0.0;0.0;True;True;0.0;True
cdhit;streme;AGPAVGVI;229;64;8682;86820;0.026376;0.000737;35.78125000000001;False;36.723507926180055;1.977555912286492e-177;5.932667736859476e-177;True;True;4.2653166735591e-177;True
mmseq;streme;HGQHGVH;67;22;13146;131460;0.005097;0.000167;30.45454545454545;False;30.60543272004393;7.465263927583798e-51;1.0091930865066988e-50;True;True;8.925859043850194e-51;True
mmseq;streme;VAPFPEV;51;17;13146;131460;0.00388;0.000129;29.999999999999996;False;30.112943871706758;6.555449343963081e-39;8.39557547560184e-39;True;True;7.590520293009883e-39;True
mmseq;streme;MAEILK;276;94;13146;131460;0.020995;0.000715;29.361702127659576;False;29.96992511035064;2.3705277733138477e-203;8.240406069138614e-203;True;True;5.859731574483669e-203;True
mmseq;streme;PVADHQ;46;16;13146;131460;0.003499;0.000122;28.75;False;28.847442748091602;7.183873792524976e-35;8.740379780905388e-35;True;True;8.104883253105101e-35;True
mmseq;streme;KKIEEYTK;201;73;13146;131460;0.01529;0.000555;27.534246575342465;False;27.946249940475244;6.684698101303667e-146;1.5741385851457022e-145;True;True;1.2900294581463216e-145;True
mmseq;meme;KVVAATY;203;75;13146;131460;0.015442;0.000571;27.066666666666666;False;27.47550027041644;1.1450456190715821e-146;1.6102204018194124e-146;True;True;2.249196751747751e-146;True
mmseq;streme;GLRRLG;64;25;13146;131460;0.004868;0.00019;25.6;False;25.72034857055496;1.587303112512909e-46;2.1067841311534972e-46;True;True;1.877455294370107e-46;True
cdhit;streme;LLQLLK;154;62;8682;86820;0.017738;0.000714;24.83870967741936;False;25.269192943170125;3.917787290678351e-109;7.700478467885034e-109;True;True;6.480550405633363e-109;True
mmseq;streme;TLHLVLRL;89;36;13146;131460;0.00677;0.000274;24.72222222222222;False;24.88391922595798;1.6656502563154997e-63;2.38416605315748e-63;True;True;2.1059945769506318e-63;True
mmseq;meme;KKKRRR;560;229;13146;131460;0.042599;0.001742;24.45414847161572;False;25.49771458826158;0.0;0.0;True;True;0.0;True
mmseq;streme;WQRNIRKV;368;157;13146;131460;0.027993;0.001194;23.43949044585987;False;24.085736531638275;1.2123321870670273e-254;6.321446403992357e-254;True;True;3.7043483493714726e-254;True
cdhit;meme;WKKJYKLAKK;654;313;8682;86820;0.075328;0.003605;20.894568690095845;False;22.515277200723983;0.0;0.0;True;True;0.0;True
mmseq;meme;LKKJGKKIK;369;185;13146;131460;0.028069;0.001407;19.945945945945947;False;20.493105220740816;1.0726389759804269e-242;1.856490535350739e-242;True;True;3.0646827885155057e-242;True
mmseq;meme;XFCCGC;351;180;13146;131460;0.0267;0.001369;19.5;False;20.007502930832356;3.9930117504929306e-229;6.41734031329221e-229;True;True;1.0712958354981032e-228;True
cdhit;streme;EVGMDVVRT;22;12;8682;86820;0.002534;0.000138;18.333333333333332;False;18.377367205542726;2.2152545674817957e-15;2.2548126847582563e-15;True;True;2.4007684967783008e-15;True
mmseq;meme;CCSRYGRC;1095;621;13146;131460;0.083295;0.004724;17.632850241545892;False;19.144174697150635;0.0;0.0;True;True;0.0;True
cdhit;streme;RRRRWRR;641;381;8682;86820;0.073831;0.004388;16.824146981627297;False;18.08559185356152;0.0;0.0;True;True;0.0;True
mmseq;streme;SEEKRG;53;32;13146;131460;0.004032;0.000243;16.5625;False;16.625496448483922;7.416044975825038e-34;8.874939069429964e-34;True;True;8.324132115721982e-34;True
cdhit;meme;WWWRWV;304;190;8682;86820;0.035015;0.002188;16.0;False;16.54428264502268;1.6739335574413057e-185;2.7898892624021762e-185;True;True;3.796550336464817e-185;True
mmseq;streme;HFLLTL;104;65;13146;131460;0.007911;0.000494;16.0;False;16.119613556203035;3.9057819667807884e-64;5.702441671499951e-64;True;True;4.9668903623801934e-64;True
cdhit;meme;LLDTIKNVGKNVAGGL;597;383;8682;86820;0.068763;0.004411;15.587467362924283;False;16.66461244834986;0.0;0.0;True;True;0.0;True
mmseq;meme;DVLEKAKKLADSPEAKE;28;18;13146;131460;0.00213;0.000137;15.555555555555559;False;15.586623977232302;3.6621861310837535e-18;3.832520369738812e-18;True;True;3.988519548705078e-18;True
cdhit;streme;EEVEKRS;152;106;8682;86820;0.017507;0.001221;14.339622641509436;False;14.577327523280763;2.9845011726965826e-89;4.59774504982987e-89;True;True;4.31967274995558e-89;True
mmseq;meme;IKHYLPRL;153;108;13146;131460;0.011639;0.000822;14.166666666666666;False;14.32171169091049;3.164331207865949e-89;3.747234325104414e-89;True;True;4.5500187302647635e-89;True
mmseq;streme;ELIVHQR;33;29;13146;131460;0.00251;0.000221;11.379310344827587;False;11.405430778090707;1.1792408750058644e-18;1.3664219662766365e-18;True;True;1.2907114054790555e-18;True
cdhit;streme;NVDAYVKC;72;71;8682;86820;0.008293;0.000818;10.140845070422536;False;10.217284192962653;7.936737826472983e-37;8.225346474708364e-37;True;True;9.04705866230081e-37;True
mmseq;streme;LIIFRILIS;71;75;13146;131460;0.005401;0.000571;9.466666666666667;False;9.512642447418738;4.89995682588024e-35;6.062658445580636e-35;True;True;5.556652070585839e-35;True
mmseq;streme;EGFSGG;84;92;13146;131460;0.00639;0.0007;9.130434782608695;False;9.18272053683769;2.3042420346904415e-40;3.0037440809357544e-40;True;True;2.682186495406863e-40;True
cdhit;meme;KEKKREKERKERKR;190;223;8682;86820;0.021884;0.002569;8.520179372197308;False;8.688435858386368;4.6090900215239536e-86;6.285122756623573e-86;True;True;6.541934224098514e-86;True
mmseq;meme;KKKVKVLKK;550;661;13146;131460;0.041838;0.005028;8.32072617246596;False;8.64038315840247;1.1216416245308517e-243;2.018954924155533e-243;True;True;3.246857334168255e-243;True
mmseq;streme;QQHLLQLTVWGIKQLQA;17;27;13146;131460;0.001293;0.000205;6.296296296296296;False;6.303154171003969;1.2073354637022198e-07;1.355930597696339e-07;True;True;1.276989432761963e-07;True
cdhit;meme;GYGGGGGGGGGGGGGGG;109;188;8682;86820;0.012555;0.002165;5.797872340425532;False;5.858874100032016;1.1792735607861174e-38;1.396508164088823e-38;True;True;1.3512509550674263e-38;True
cdhit;meme;RRPIGRGJ;200;355;8682;86820;0.023036;0.004089;5.633802816901409;False;5.743064849839428;3.844601490712036e-68;4.805751863390045e-68;True;True;5.0048066742996914e-68;True
mmseq;meme;FLPIIGKLLSK;780;1481;13146;131460;0.059334;0.011266;5.266711681296421;False;5.535839540863881;1.6981010774985967e-249;3.183939520309869e-249;True;True;5.048408608779612e-249;True
mmseq;meme;GYGGGGAGGSG;184;350;13146;131460;0.013997;0.002662;5.257142857142857;False;5.317574448387594;3.7150462899608365e-59;4.077489830444821e-59;True;True;4.617571659838328e-59;True
mmseq;streme;AKRHHGY;82;156;13146;131460;0.006238;0.001187;5.256410256410256;False;5.28312685477413;2.9732917771483704e-27;3.500811285997275e-27;True;True;3.287056236043424e-27;True
mmseq;meme;IRVAVIR;258;507;13146;131460;0.019626;0.003857;5.088757396449704;False;5.170608685112338;4.2477395644257286e-80;4.901237958952764e-80;True;True;5.804364622196648e-80;True
cdhit;meme;IKKILGKLGKL;240;511;8682;86820;0.027643;0.005886;4.696673189823875;False;4.801766954992997;1.1062244821426589e-69;1.4222886198977042e-69;True;True;1.4573017130023051e-69;True
cdhit;meme;DPEEPVVR;96;211;8682;86820;0.011057;0.00243;4.549763033175355;False;4.589452906362501;6.1949026434348995e-28;6.9692654738642625e-28;True;True;6.883225159372111e-28;True
mmseq;meme;GYCRKKCKKGE;450;1034;13146;131460;0.034231;0.007866;4.352030947775628;False;4.47084111841985;4.5133536089829435e-120;5.6416920112286793e-120;True;True;7.818407826584626e-120;True
cdhit;streme;GNVTLL;37;95;8682;86820;0.004262;0.001094;3.894736842105263;False;3.9071261148823475;3.4540794619359453e-10;3.4540794619359453e-10;True;True;3.6710023266952075e-10;True
mmseq;meme;AAAAAAKAAAKAAAA;320;869;13146;131460;0.024342;0.00661;3.6823935558112773;False;3.749317455535245;1.768822560741201e-71;1.9899253808338514e-71;True;True;2.372810752213806e-71;True
mmseq;meme;PPPPPPPPPRPPPPP;253;702;13146;131460;0.019245;0.00534;3.603988603988604;False;3.6550868058662984;2.26888461719632e-55;2.430947804138914e-55;True;True;2.7276208512742645e-55;True
mmseq;meme;WKLFKKJ;959;3569;13146;131460;0.07295;0.027149;2.6870271784813675;False;2.8197800351453233;4.272718756882203e-139;5.826434668475732e-139;True;True;7.966085817915971e-139;True
mmseq;streme;SDEELA;46;184;13146;131460;0.003499;0.0014;2.5000000000000004;False;2.505267175572519;3.880972197502964e-07;4.2925904608744906e-07;True;True;4.085233892108383e-07;True
cdhit;meme;KLLKKLLK;268;1105;8682;86820;0.030868;0.012727;2.425339366515837;False;2.4707388138923814;5.9211083887761824e-33;6.832048140895595e-33;True;True;6.612405307262741e-33;True
mmseq;streme;GSVTGG;112;469;13146;131460;0.00852;0.003568;2.3880597014925375;False;2.3999871747599277;3.0082230720546843e-14;3.431254441562375e-14;True;True;3.2441621365295614e-14;True
cdhit;meme;ELIEKEVEALKNASD;159;785;8682;86820;0.018314;0.009042;2.025477707006369;False;2.044608406925883;4.318133721952718e-14;4.6265718449493407e-14;True;True;4.6340947259980396e-14;True
mmseq;streme;GGSRPM;89;519;13146;131460;0.00677;0.003948;1.7148362235067436;False;1.7197087381649425;1.0075600208934606e-05;1.0659692974669945e-05;True;True;1.0455811537573647e-05;True
mmseq;streme;WNSLKIDNL;54;320;13146;131460;0.004108;0.002434;1.6875;False;1.6903357011915674;0.0007883516696311901;0.0008221381697582411;True;True;0.0008104549874713169;True
mmseq;streme;PFKLSLH;142;906;13146;131460;0.010802;0.006892;1.5673289183222958;False;1.57352398956205;1.9070445675957404e-06;2.0472684328601333e-06;True;True;1.9883877008107246e-06;True
cdhit;meme;YRKLAKKL;131;971;8682;86820;0.015089;0.011184;1.349124613800206;False;1.3544731489899882;0.0018322831451280759;0.0018739259438809869;True;True;0.001874894381061287;True
cdhit;meme;MKNFKELSDKELQKI;109;889;8682;86820;0.012555;0.01024;1.2260967379077616;False;1.2289714077353535;0.04619972403176932;0.04619972403176932;True;True;0.04662357471095986;True
mmseq;streme;MAQILM;97;931;13146;131460;0.007379;0.007082;1.0418904403866809;False;1.0422018338051429;0.7029882803693686;0.7127520064856099;False;False;0.7061982725171738;False
mmseq;streme;RGRKRTR;93;933;13146;131460;0.007074;0.007097;0.9967845659163987;False;0.9967616565951871;1.0;1.0;False;False;1.0;False
mmseq;meme;CPSTTARNIYNVCRJPGTPR;142;1746;13146;131460;0.010802;0.013282;0.8132875143184423;False;0.8112486668125377;0.01561223829412536;0.01561223829412536;False;False;0.01582807568989668;False
mmseq;streme;HRILQRIRQM;178;2252;13146;131460;0.01354;0.017131;0.7904085257548845;False;0.7875316532675596;0.0019452599026461394;0.0020000559562418055;False;False;0.0019812832341766233;False
mmseq;meme;AAAAAAA;115;1684;13146;131460;0.008748;0.01281;0.682897862232779;False;0.6800994011904009;3.542993285847103e-05;3.623515860525446e-05;False;False;3.659429684912501e-05;False
mmseq;streme;MDVNPT;37;768;13146;131460;0.002815;0.005842;0.4817708333333333;False;0.4803081375390953;1.9045423018628627e-06;2.0472684328601333e-06;False;False;1.9883877008107246e-06;False
cdhit;meme;IVKVNELLKK;60;1326;8682;86820;0.006911;0.015273;0.45248868778280543;False;0.44867858818491263;1.2330714124653297e-11;1.2904235711846473e-11;False;False;1.3168723822445268e-11;False
