Clustering;Tool;Motif;AMP_sequences_with_hit;nonAMP_sequences_with_hit;Total_AMP_sequences;Total_nonAMP_sequences;AMP_hit_rate;nonAMP_hit_rate;Enrichment_ratio;ER_is_infinite;Fisher_oddsratio;Fisher_pvalue;FDR_corrected;Significant_Fisher;Significant_FDR
cdhit;streme;CDADCP;944;0;8682;86820;0.108731;0.0;inf;True;inf;0.0;0.0;True;True
cdhit;streme;KSCCPSTTC;598;0;8682;86820;0.068878;0.0;inf;True;inf;0.0;0.0;True;True
cdhit;streme;LKKAVK;370;0;8682;86820;0.042617;0.0;inf;True;inf;0.0;0.0;True;True
cdhit;streme;ILKFVYA;328;0;8682;86820;0.037779;0.0;inf;True;inf;0.0;0.0;True;True
cdhit;streme;GGGCPFN;285;0;8682;86820;0.032827;0.0;inf;True;inf;2.189858317430186e-299;1.0401827007793384e-298;True;True
cdhit;streme;MAQISK;247;0;8682;86820;0.02845;0.0;inf;True;inf;2.3986233934916055e-259;1.0517041033001656e-258;True;True
cdhit;streme;EKIGQNIRDG;223;0;8682;86820;0.025685;0.0;inf;True;inf;4.2969784328574174e-234;1.7494840762348058e-233;True;True
cdhit;streme;VPSVIGAV;201;0;8682;86820;0.023151;0.0;inf;True;inf;5.731365823650978e-211;2.1779190129873716e-210;True;True
cdhit;streme;EKLKEA;183;0;8682;86820;0.021078;0.0;inf;True;inf;4.591919283056214e-192;1.6358712445887764e-191;True;True
cdhit;streme;WBTFKEL;182;0;8682;86820;0.020963;0.0;inf;True;inf;5.149432306599036e-191;1.7265743616243826e-190;True;True
cdhit;streme;KVKLIK;173;0;8682;86820;0.019926;0.0;inf;True;inf;1.4373151260141695e-181;4.5514978990448703e-181;True;True
cdhit;streme;TCDLLS;165;0;8682;86820;0.019005;0.0;inf;True;inf;3.553458921082069e-173;1.0127357925083898e-172;True;True
cdhit;streme;BGRKJCLD;163;0;8682;86820;0.018774;0.0;inf;True;inf;4.45104181935725e-171;1.2081399223969679e-170;True;True
cdhit;streme;RDADEEEG;158;0;8682;86820;0.018199;0.0;inf;True;inf;7.801450274016023e-166;2.0212848437223333e-165;True;True
cdhit;streme;VYRNGVR;139;0;8682;86820;0.01601;0.0;inf;True;inf;6.422680256954225e-146;1.5917077158538733e-145;True;True
cdhit;streme;JGAVLK;137;0;8682;86820;0.01578;0.0;inf;True;inf;8.000487800527579e-144;1.9001158526253002e-143;True;True
cdhit;streme;FIKHFIHR;134;0;8682;86820;0.015434;0.0;inf;True;inf;1.1113982907393494e-140;2.533988102885717e-140;True;True
cdhit;streme;YTSLIHGL;123;0;8682;86820;0.014167;0.0;inf;True;inf;3.679072232268213e-129;8.020522323559495e-129;True;True
cdhit;streme;GFSGGR;119;0;8682;86820;0.013707;0.0;inf;True;inf;5.667551526440157e-125;1.1537515607396034e-124;True;True
cdhit;streme;ELDQIIG;103;0;8682;86820;0.011864;0.0;inf;True;inf;3.137921320879552e-108;5.962050509671149e-108;True;True
cdhit;streme;QQEKNE;97;0;8682;86820;0.011173;0.0;inf;True;inf;5.9199462183570686e-102;1.0544904201448529e-101;True;True
cdhit;streme;ITAAVAL;92;0;8682;86820;0.010597;0.0;inf;True;inf;1.001801255533658e-96;1.7303839868308637e-96;True;True
cdhit;streme;HHHHHHG;88;0;8682;86820;0.010136;0.0;inf;True;inf;1.5230863450436489e-92;2.480454904785371e-92;True;True
cdhit;streme;YKRKFL;88;0;8682;86820;0.010136;0.0;inf;True;inf;1.5230863450436489e-92;2.480454904785371e-92;True;True
cdhit;streme;EWYNQTK;85;0;8682;86820;0.00979;0.0;inf;True;inf;2.083046326457011e-89;3.2981566835569345e-89;True;True
cdhit;streme;EELDKY;84;0;8682;86820;0.009675;0.0;inf;True;inf;2.3117017257254626e-88;3.467552588588194e-88;True;True
cdhit;streme;GQAASI;81;0;8682;86820;0.00933;0.0;inf;True;inf;3.157582351183698e-85;4.4995548504367697e-85;True;True
cdhit;streme;GYGGWG;77;0;8682;86820;0.008869;0.0;inf;True;inf;4.778322034862845e-81;6.484865618742433e-81;True;True
cdhit;streme;EEKREL;71;0;8682;86820;0.008178;0.0;inf;True;inf;8.867049809234917e-75;1.1753996258753262e-74;True;True
cdhit;streme;LDVGTN;67;0;8682;86820;0.007717;0.0;inf;True;inf;1.3361768324917513e-70;1.7309563511824962e-70;True;True
cdhit;streme;LQLTVWG;66;0;8682;86820;0.007602;0.0;inf;True;inf;1.480029853594276e-69;1.8747044812194163e-69;True;True
cdhit;streme;KQLQARIL;63;0;8682;86820;0.007256;0.0;inf;True;inf;2.010087677365179e-66;2.4907608176046787e-66;True;True
cdhit;streme;SIGNLI;61;0;8682;86820;0.007026;0.0;inf;True;inf;2.4638570217965485e-64;2.9880819200511334e-64;True;True
cdhit;streme;LGPPISLE;58;0;8682;86820;0.00668;0.0;inf;True;inf;3.340970145497998e-61;3.967402047778873e-61;True;True
cdhit;streme;JEESQE;56;0;8682;86820;0.00645;0.0;inf;True;inf;4.090863155667552e-59;4.66358399746101e-59;True;True
cdhit;streme;LGTSIPD;56;0;8682;86820;0.00645;0.0;inf;True;inf;4.090863155667552e-59;4.66358399746101e-59;True;True
cdhit;streme;SLSVAQ;54;0;8682;86820;0.00622;0.0;inf;True;inf;5.0069601270158115e-57;5.596014259605907e-57;True;True
cdhit;streme;AGGSRQ;48;0;8682;86820;0.005529;0.0;inf;True;inf;9.156997171497118e-51;1.0037477668756456e-50;True;True
cdhit;streme;LFDLDVV;42;0;8682;86820;0.004838;0.0;inf;True;inf;1.6683420845461492e-44;1.7942546947005755e-44;True;True
cdhit;streme;KIEEYT;39;0;8682;86820;0.004492;0.0;inf;True;inf;2.2487123847528575e-41;2.373640850572461e-41;True;True
cdhit;streme;IJFLSLFLVV;711;2;8682;86820;0.081894;2.3e-05;3555.0;False;3872.010914565299;0.0;0.0;True;True
cdhit;streme;FLPLLAGL;321;2;8682;86820;0.036973;2.3e-05;1605.0;False;1666.5816289917475;0.0;0.0;True;True
cdhit;streme;CIYGTCR;818;9;8682;86820;0.094218;0.000104;908.8888888888888;False;1003.3259579518481;0.0;0.0;True;True
cdhit;streme;LKKLLKKLKK;1278;17;8682;86820;0.147201;0.000196;751.7647058823529;False;881.353751549242;0.0;0.0;True;True
cdhit;streme;GCKIKGEC;305;5;8682;86820;0.03513;5.8e-05;610.0;False;632.1732123671959;2.53427715933523e-310;1.31321634620098e-309;True;True
cdhit;streme;VVAATY;82;2;8682;86820;0.009445;2.3e-05;410.0;False;413.8997674418605;8.233489678761738e-83;1.1446558821693147e-82;True;True
cdhit;streme;NYWILEY;90;6;8682;86820;0.010366;6.9e-05;150.0;False;151.56075418994413;6.544572604907416e-86;9.565144576403147e-86;True;True
cdhit;streme;AITKKC;142;15;8682;86820;0.016356;0.000173;94.66666666666667;False;96.22412177985949;3.7991947848439715e-129;8.020522323559495e-129;True;True
cdhit;streme;AKQLLES;116;14;8682;86820;0.013361;0.000161;82.85714285714286;False;83.96564490844202;4.6381568191661025e-104;8.528223828789284e-104;True;True
cdhit;streme;GIJKKI;543;130;8682;86820;0.062543;0.001497;41.76923076923077;False;44.48918313533131;0.0;0.0;True;True
cdhit;streme;AGPAVGVI;229;64;8682;86820;0.026376;0.000737;35.78125000000001;False;36.723507926180055;1.977555912286492e-177;5.932667736859476e-177;True;True
cdhit;streme;LLQLLK;154;62;8682;86820;0.017738;0.000714;24.83870967741936;False;25.269192943170125;3.917787290678351e-109;7.700478467885034e-109;True;True
cdhit;streme;EVGMDVVRT;22;12;8682;86820;0.002534;0.000138;18.333333333333332;False;18.377367205542726;2.2152545674817957e-15;2.2548126847582563e-15;True;True
cdhit;streme;RRRRWRR;641;381;8682;86820;0.073831;0.004388;16.824146981627297;False;18.08559185356152;0.0;0.0;True;True
cdhit;streme;EEVEKRS;152;106;8682;86820;0.017507;0.001221;14.339622641509436;False;14.577327523280763;2.9845011726965826e-89;4.59774504982987e-89;True;True
cdhit;streme;NVDAYVKC;72;71;8682;86820;0.008293;0.000818;10.140845070422536;False;10.217284192962653;7.936737826472983e-37;8.225346474708364e-37;True;True
cdhit;streme;GNVTLL;37;95;8682;86820;0.004262;0.001094;3.894736842105263;False;3.9071261148823475;3.4540794619359453e-10;3.4540794619359453e-10;True;True
