Clustering;Tool;Motif;AMP_sequences_with_hit;nonAMP_sequences_with_hit;Total_AMP_sequences;Total_nonAMP_sequences;AMP_hit_rate;nonAMP_hit_rate;Enrichment_ratio;ER_is_infinite;Fisher_oddsratio;Fisher_pvalue;FDR_corrected;Significant_Fisher;Significant_FDR;FDR_corrected_global;Significant_FDR_global;Motif_raw;ER_corrected;OddsRatio_is_infinite;Fisher_oddsratio_plot;FDR_for_reporting;MinusLog10_FDR;AMP_nonAMP_hit_diff;log10_ER;Total_hits;AMP_total_sequences;AMP_hit_frequency_pct;Motif_class
mmseq;meme;CINGKCRC;1408;0;13146;131460;0.10710482275977484;0.0;inf;True;inf;0.0;0.0;True;True;0.0;True;CINGKCRC;;True;;0.0;300.0;1408;;1896;8331;16.9;Cys-rich
cdhit;meme;KCINGVCC;1216;0;8682;86820;0.1400598940336328;0.0;inf;True;inf;0.0;0.0;True;True;0.0;True;KCINGVCC;;True;;0.0;300.0;1216;;1443;5974;20.35;Cys-rich
mmseq;streme;FLPILKGLLKGL;1119;0;13146;131460;0.08512094933820173;0.0;inf;True;inf;0.0;0.0;True;True;0.0;True;FLPILKGLLKGL;;True;;0.0;300.0;1119;;1351;8440;13.26;Other
mmseq;streme;FLYLLJJFLSLFL;1078;0;13146;131460;0.08200212992545261;0.0;inf;True;inf;0.0;0.0;True;True;0.0;True;FLYLLJJFLSLFL;;True;;0.0;300.0;1078;;1373;8440;12.77;Hydrophobic/signal-like
mmseq;meme;CGAXCLSGGYSGGGC;1001;0;13146;131460;0.07614483493077742;0.0;inf;True;inf;0.0;0.0;True;True;0.0;True;CGAXCLSGGYSGGGC;;True;;0.0;300.0;1001;;1393;8331;12.02;Gly-rich
cdhit;streme;CDADCP;944;0;8682;86820;0.1087307072103202;0.0;inf;True;inf;0.0;0.0;True;True;0.0;True;CDADCP;;True;;0.0;300.0;944;;1059;5568;16.95;Cys-rich
cdhit;meme;LILLLLLFLVLILLS;808;0;8682;86820;0.0930661137986639;0.0;inf;True;inf;0.0;0.0;True;True;0.0;True;LILLLLLFLVLILLS;;True;;0.0;300.0;808;;1960;5974;13.53;Hydrophobic/signal-like
mmseq;meme;FVYVLIJFLSLFLVVTNGSA;792;0;13146;131460;0.06024646280237335;0.0;inf;True;inf;0.0;0.0;True;True;0.0;True;FVYVLIJFLSLFLVVTNGSA;;True;;0.0;300.0;792;;1704;8331;9.51;Hydrophobic/signal-like
mmseq;meme;FFKKIKKKIKKIGK;654;0;13146;131460;0.04974897307165678;0.0;inf;True;inf;0.0;0.0;True;True;0.0;True;FFKKIKKKIKKIGK;;True;;0.0;300.0;654;;877;8331;7.85;Cationic-rich
mmseq;streme;CGGSCVT;609;0;13146;131460;0.0463258785942492;0.0;inf;True;inf;0.0;0.0;True;True;0.0;True;CGGSCVT;;True;;0.0;300.0;609;;725;8440;7.22;Cys-rich
cdhit;streme;KSCCPSTTC;598;0;8682;86820;0.06887813867772402;0.0;inf;True;inf;0.0;0.0;True;True;0.0;True;KSCCPSTTC;;True;;0.0;300.0;598;;643;5568;10.74;Cys-rich
mmseq;streme;KVVAATYVLV;597;0;13146;131460;0.04541305340027385;0.0;inf;True;inf;0.0;0.0;True;True;0.0;True;KVVAATYVLV;;True;;0.0;300.0;597;;734;8440;7.07;Hydrophobic/signal-like
cdhit;meme;ILGAIWEGIKSLF;588;0;8682;86820;0.06772633033863165;0.0;inf;True;inf;0.0;0.0;True;True;0.0;True;ILGAIWEGIKSLF;;True;;0.0;300.0;588;;661;5974;9.84;Hydrophobic/signal-like
cdhit;meme;KKCCRK;574;0;8682;86820;0.06611379866390232;0.0;inf;True;inf;0.0;0.0;True;True;0.0;True;KKCCRK;;True;;0.0;300.0;574;;620;5974;9.61;Cys-rich
mmseq;meme;FLFHLFLALF;536;0;13146;131460;0.04077285866423246;0.0;inf;True;inf;0.0;0.0;True;True;0.0;True;FLFHLFLALF;;True;;0.0;300.0;536;;643;8331;6.43;Hydrophobic/signal-like
mmseq;meme;LLKAAGKVLAKIJGG;530;0;13146;131460;0.04031644606724479;0.0;inf;True;inf;0.0;0.0;True;True;0.0;True;LLKAAGKVLAKIJGG;;True;;0.0;300.0;530;;640;8331;6.36;Other
mmseq;meme;IGKLIKGAAGGAGALVG;493;0;13146;131460;0.037501901719154115;0.0;inf;True;inf;0.0;0.0;True;True;0.0;True;IGKLIKGAAGGAGALVG;;True;;0.0;300.0;493;;844;8331;5.92;Gly-rich
cdhit;meme;CKJTKTC;471;0;8682;86820;0.05425017277125086;0.0;inf;True;inf;0.0;0.0;True;True;0.0;True;CKJTKTC;;True;;0.0;300.0;471;;479;5974;7.88;Cys-rich
mmseq;meme;FLPLLAGLAAKLLP;453;0;13146;131460;0.0344591510725696;0.0;inf;True;inf;0.0;0.0;True;True;0.0;True;FLPLLAGLAAKLLP;;True;;0.0;300.0;453;;526;8331;5.44;Hydrophobic/signal-like
mmseq;meme;LKKRLKKWKK;374;0;13146;131460;0.028449718545565193;0.0;inf;True;inf;0.0;0.0;True;True;0.0;True;LKKRLKKWKK;;True;;0.0;300.0;374;;427;8331;4.49;Cationic-rich
cdhit;streme;LKKAVK;370;0;8682;86820;0.04261690854641788;0.0;inf;True;inf;0.0;0.0;True;True;0.0;True;LKKAVK;;True;;0.0;300.0;370;;438;5568;6.65;Cationic-rich
cdhit;streme;ILKFVYA;328;0;8682;86820;0.0377793135222299;0.0;inf;True;inf;0.0;0.0;True;True;0.0;True;ILKFVYA;;True;;0.0;300.0;328;;330;5568;5.89;Hydrophobic/signal-like
cdhit;meme;FSGGSC;310;0;8682;86820;0.03570605851186363;0.0;inf;True;inf;0.0;0.0;True;True;0.0;True;FSGGSC;;True;;0.0;300.0;310;;319;5974;5.19;Gly-rich
cdhit;meme;LGLLGKLL;308;0;8682;86820;0.035475696844045154;0.0;inf;True;inf;1e-323;2e-323;True;True;3.5e-323;True;LGLLGKLL;;True;;3.5e-323;300.0;308;;324;5974;5.16;Hydrophobic/signal-like
cdhit;streme;GGGCPFN;285;0;8682;86820;0.03282653766413269;0.0;inf;True;inf;2.1898583174301858e-299;1.0401827007793384e-298;True;True;7.527637966166264e-299;True;GGGCPFN;;True;;7.527637966166264e-299;298.1233412760151;285;;297;5568;5.12;Gly-rich
cdhit;meme;MVVILKYVYV;277;0;8682;86820;0.031905090992858785;0.0;inf;True;inf;5.9626818824219966e-291;1.219639475949954e-290;True;True;1.9291029619600575e-290;True;MVVILKYVYV;;True;;1.9291029619600575e-290;289.7146445921499;277;;280;5974;4.64;Hydrophobic/signal-like
cdhit;streme;MAQISK;247;0;8682;86820;0.028449665975581663;0.0;inf;True;inf;2.3986233934916053e-259;1.0517041033001656e-258;True;True;7.432354177016243e-259;True;MAQISK;;True;;7.432354177016243e-259;258.1288736029085;247;;248;5568;4.44;Other
cdhit;streme;EKIGQNIRDG;223;0;8682;86820;0.025685325961759962;0.0;inf;True;inf;4.296978432857418e-234;1.749484076234806e-233;True;True;1.1966269053526985e-233;True;EKIGQNIRDG;;True;;1.1966269053526985e-233;232.9220412365643;223;;246;5568;4.01;Other
cdhit;streme;VPSVIGAV;201;0;8682;86820;0.023151347615756736;0.0;inf;True;inf;5.731365823650979e-211;2.1779190129873722e-210;True;True;1.4661633502362966e-210;True;VPSVIGAV;;True;;1.4661633502362966e-210;209.83381764077666;201;;208;5568;3.61;Hydrophobic/signal-like
cdhit;streme;EKLKEA;183;0;8682;86820;0.021078092605390463;0.0;inf;True;inf;4.591919283056214e-192;1.6358712445887764e-191;True;True;1.086260475561685e-191;True;EKLKEA;;True;;1.086260475561685e-191;190.96406602232076;183;;192;5568;3.29;Other
cdhit;streme;WBTFKEL;182;0;8682;86820;0.020962911771481227;0.0;inf;True;inf;5.149432306599036e-191;1.7265743616243826e-190;True;True;1.1925001131071452e-190;True;WBTFKEL;;True;;1.1925001131071452e-190;189.92354157109557;182;;187;5568;3.27;Other
cdhit;streme;KVKLIK;173;0;8682;86820;0.019926284266298087;0.0;inf;True;inf;1.4373151260141698e-181;4.551497899044871e-181;True;True;3.2266257930930335e-181;True;KVKLIK;;True;;3.2266257930930335e-181;180.491251398841;173;;263;5568;3.11;Cationic-rich
mmseq;streme;IGTCVG;171;0;13146;131460;0.01300775901414879;0.0;inf;True;inf;3.0426329311084717e-179;8.22637792484883e-179;True;True;6.62751727568182e-179;True;IGTCVG;;True;;6.62751727568182e-179;178.1786491315355;171;;175;8440;2.03;Gly-rich
cdhit;streme;TCDLLS;165;0;8682;86820;0.019004837595024186;0.0;inf;True;inf;3.553458921082069e-173;1.0127357925083898e-172;True;True;7.589912258621895e-173;True;TCDLLS;;True;;7.589912258621895e-173;172.1197632446337;165;;166;5568;2.96;Other
cdhit;streme;BGRKJCLD;163;0;8682;86820;0.018774475927205714;0.0;inf;True;inf;4.45104181935725e-171;1.208139922396968e-170;True;True;9.415665387101874e-171;True;BGRKJCLD;;True;;9.415665387101874e-171;170.0261489838007;163;;166;5568;2.93;Other
cdhit;streme;RDADEEEG;158;0;8682;86820;0.018198571757659526;0.0;inf;True;inf;7.801450274016024e-166;2.0212848437223333e-165;True;True;1.634589581222405e-165;True;RDADEEEG;;True;;1.634589581222405e-165;164.78659127357582;158;;212;5568;2.84;Other
cdhit;meme;GGGSGYGK;156;0;8682;86820;0.01796821008984105;0.0;inf;True;inf;9.757443154436219e-164;1.568160506962964e-163;True;True;2.025129711298084e-163;True;GGGSGYGK;;True;;2.025129711298084e-163;162.6935471546237;156;;169;5974;2.61;Gly-rich
mmseq;streme;ATCDLL;145;0;13146;131460;0.011029971093868857;0.0;inf;True;inf;4.822324237671652e-152;1.2138954115518295e-151;True;True;9.644648475343304e-152;True;ATCDLL;;True;;9.644648475343304e-152;151.01571359673972;145;;164;8440;1.72;Other
cdhit;streme;VYRNGVR;139;0;8682;86820;0.016010135913384013;0.0;inf;True;inf;6.422680256954225e-146;1.591707715853873e-145;True;True;1.2504333243627694e-145;True;VYRNGVR;;True;;1.2504333243627694e-145;144.90293946077742;139;;141;5568;2.5;Other
cdhit;streme;JGAVLK;137;0;8682;86820;0.015779774245565537;0.0;inf;True;inf;8.00048780052758e-144;1.9001158526253002e-143;True;True;1.5305281009704937e-143;True;JGAVLK;;True;;1.5305281009704937e-143;142.8151586922121;137;;142;5568;2.46;Other
cdhit;streme;FIKHFIHR;134;0;8682;86820;0.015434231743837826;0.0;inf;True;inf;1.1113982907393494e-140;2.533988102885717e-140;True;True;2.1078243445056627e-140;True;FIKHFIHR;;True;;2.1078243445056627e-140;139.67616558387243;134;;142;5568;2.41;Other
cdhit;streme;YTSLIHGL;123;0;8682;86820;0.014167242570836213;0.0;inf;True;inf;3.679072232268213e-129;8.020522323559495e-129;True;True;6.689222240487659e-129;True;YTSLIHGL;;True;;6.689222240487659e-129;128.1746243749527;123;;137;5568;2.21;Other
mmseq;meme;CGETCVLI;123;0;13146;131460;0.009356458238247376;0.0;inf;True;inf;4.814989397794156e-129;6.190700654306771e-129;True;True;8.612176158656213e-129;True;CGETCVLI;;True;;8.612176158656213e-129;128.0648870954359;123;;123;8331;1.48;Cys-rich
cdhit;meme;GWGSPI;121;0;8682;86820;0.013936880903017737;0.0;inf;True;inf;4.567296880895736e-127;7.087184815183038e-127;True;True;8.103268659653725e-127;True;GWGSPI;;True;;8.103268659653725e-127;126.09133976204674;121;;122;5974;2.03;Gly-rich
cdhit;streme;GFSGGR;119;0;8682;86820;0.013706519235199263;0.0;inf;True;inf;5.667551526440157e-125;1.1537515607396034e-124;True;True;9.974890686534675e-125;True;GFSGGR;;True;;9.974890686534675e-125;124.00109185498907;119;;128;5568;2.14;Gly-rich
cdhit;meme;VKKYIKBGI;118;0;8682;86820;0.013591338401290025;0.0;inf;True;inf;6.312397650606814e-124;9.468596475910219e-124;True;True;1.1021646691535706e-123;True;VKKYIKBGI;;True;;1.1021646691535706e-123;122.95775351477451;118;;118;5974;1.98;Other
cdhit;meme;IKKILES;104;0;8682;86820;0.0119788067265607;0.0;inf;True;inf;2.821856310005941e-109;4.096243030653786e-109;True;True;4.7030938500099025e-109;True;IKKILES;;True;;4.7030938500099025e-109;108.3276163548421;104;;109;5974;1.74;Other
cdhit;streme;ELDQIIG;103;0;8682;86820;0.011863625892651462;0.0;inf;True;inf;3.137921320879552e-108;5.962050509671149e-108;True;True;5.1518111238321e-108;True;ELDQIIG;;True;;5.1518111238321e-108;107.28804006750018;103;;104;5568;1.85;Other
cdhit;streme;QQEKNE;97;0;8682;86820;0.011172540889196038;0.0;inf;True;inf;5.919946218357069e-102;1.0544904201448528e-101;True;True;9.369699050637086e-102;True;QQEKNE;;True;;9.369699050637086e-102;101.02827435817804;97;;100;5568;1.74;Other
cdhit;streme;ITAAVAL;92;0;8682;86820;0.01059663671964985;0.0;inf;True;inf;1.001801255533658e-96;1.7303839868308637e-96;True;True;1.5199743187407224e-96;True;ITAAVAL;;True;;1.5199743187407224e-96;95.818163749768;92;;96;5568;1.65;Hydrophobic/signal-like
cdhit;meme;NVRWCPLSNIEGNKC;89;0;8682;86820;0.010251094217922137;0.0;inf;True;inf;1.3718536115564924e-93;1.929169141251317e-93;True;True;2.039241855016408e-93;True;NVRWCPLSNIEGNKC;;True;;2.039241855016408e-93;92.69053126364308;89;;89;5974;1.49;Other
cdhit;streme;HHHHHHG;88;0;8682;86820;0.0101359133840129;0.0;inf;True;inf;1.5230863450436487e-92;2.480454904785371e-92;True;True;2.233859972730685e-92;True;HHHHHHG;;True;;2.233859972730685e-92;91.65094405368072;88;;139;5568;1.58;Other
cdhit;streme;YKRKFL;88;0;8682;86820;0.0101359133840129;0.0;inf;True;inf;1.5230863450436487e-92;2.480454904785371e-92;True;True;2.233859972730685e-92;True;YKRKFL;;True;;2.233859972730685e-92;91.65094405368072;88;;94;5568;1.58;Cationic-rich
cdhit;streme;EWYNQTK;85;0;8682;86820;0.009790370882285187;0.0;inf;True;inf;2.083046326457011e-89;3.2981566835569345e-89;True;True;3.0349019325863734e-89;True;EWYNQTK;;True;;3.0349019325863734e-89;88.51785533780938;85;;86;5568;1.53;Other
cdhit;streme;EELDKY;84;0;8682;86820;0.009675190048375951;0.0;inf;True;inf;2.3117017257254623e-88;3.467552588588194e-88;True;True;3.302431036750661e-88;True;EELDKY;;True;;3.302431036750661e-88;87.48116624280394;84;;87;5568;1.51;Other
cdhit;streme;GQAASI;81;0;8682;86820;0.009329647546648237;0.0;inf;True;inf;3.157582351183698e-85;4.4995548504367697e-85;True;True;4.424637689556774e-85;True;GQAASI;;True;;4.424637689556774e-85;84.35412228561437;81;;83;5568;1.45;Other
cdhit;streme;GYGGWG;77;0;8682;86820;0.008868924211011289;0.0;inf;True;inf;4.778322034862845e-81;6.484865618742433e-81;True;True;6.61151476521903e-81;True;GYGGWG;;True;;6.61151476521903e-81;80.17969902783513;77;;176;5568;1.38;Gly-rich
mmseq;streme;DTRACD;74;0;13146;131460;0.005629088696181348;0.0;inf;True;inf;7.172274610750657e-78;1.0907834303849955e-77;True;True;9.740126014599658e-78;True;DTRACD;;True;;9.740126014599658e-78;77.01143542432351;74;;74;8440;0.88;Other
cdhit;streme;EEKREL;71;0;8682;86820;0.008177839207555862;0.0;inf;True;inf;8.867049809234917e-75;1.1753996258753262e-74;True;True;1.1967797288537925e-74;True;EEKREL;;True;;1.1967797288537925e-74;73.92198577553033;71;;81;5568;1.28;Other
cdhit;meme;EVLAGEY;67;0;8682;86820;0.007717115871918913;0.0;inf;True;inf;1.3361768324917511e-70;1.7684693371214356e-70;True;True;1.7708367659529236e-70;True;EVLAGEY;;True;;1.7708367659529236e-70;69.75182146981679;67;;67;5974;1.12;Other
cdhit;streme;LDVGTN;67;0;8682;86820;0.007717115871918913;0.0;inf;True;inf;1.3361768324917511e-70;1.7309563511824962e-70;True;True;1.7708367659529236e-70;True;LDVGTN;;True;;1.7708367659529236e-70;69.75182146981679;67;;67;5568;1.2;Other
cdhit;streme;LQLTVWG;66;0;8682;86820;0.007601935038009675;0.0;inf;True;inf;1.480029853594276e-69;1.8747044812194163e-69;True;True;1.9381343320877425e-69;True;LQLTVWG;;True;;1.9381343320877425e-69;68.71261612529214;66;;66;5568;1.19;Other
cdhit;streme;KQLQARIL;63;0;8682;86820;0.007256392536281963;0.0;inf;True;inf;2.010087677365179e-66;2.4907608176046787e-66;True;True;2.6012899354137614e-66;True;KQLQARIL;;True;;2.6012899354137614e-66;65.58481123937169;63;;63;5568;1.13;Other
cdhit;streme;SIGNLI;61;0;8682;86820;0.007026030868463488;0.0;inf;True;inf;2.4638570217965485e-64;2.988081920051133e-64;True;True;3.151445027879306e-64;True;SIGNLI;;True;;3.151445027879306e-64;63.50149026407284;61;;61;5568;1.1;Other
cdhit;streme;LGPPISLE;58;0;8682;86820;0.0066804883667357755;0.0;inf;True;inf;3.340970145497998e-61;3.967402047778873e-61;True;True;4.200076754340341e-61;True;LGPPISLE;;True;;4.200076754340341e-61;60.37674277301117;58;;60;5568;1.04;Other
cdhit;meme;MCVEAMB;57;0;8682;86820;0.0065653075328265375;0.0;inf;True;inf;3.697146614922393e-60;4.496529666797505e-60;True;True;4.621433268652991e-60;True;MCVEAMB;;True;;4.621433268652991e-60;59.33522331359244;57;;58;5974;0.95;Other
cdhit;streme;JEESQE;56;0;8682;86820;0.0064501266989173;0.0;inf;True;inf;4.090863155667552e-59;4.66358399746101e-59;True;True;5.027876504172411e-59;True;JEESQE;;True;;5.027876504172411e-59;58.298615398093304;56;;56;5568;1.01;Other
cdhit;streme;LGTSIPD;56;0;8682;86820;0.0064501266989173;0.0;inf;True;inf;4.090863155667552e-59;4.66358399746101e-59;True;True;5.027876504172411e-59;True;LGTSIPD;;True;;5.027876504172411e-59;58.298615398093304;56;;56;5568;1.01;Other
cdhit;streme;SLSVAQ;54;0;8682;86820;0.006219765031098825;0.0;inf;True;inf;5.006960127015812e-57;5.596014259605907e-57;True;True;6.052369384304829e-57;True;SLSVAQ;;True;;6.052369384304829e-57;56.218074574259255;54;;54;5568;0.97;Other
cdhit;streme;AGGSRQ;48;0;8682;86820;0.0055286800276434;0.0;inf;True;inf;9.156997171497119e-51;1.0037477668756456e-50;True;True;1.0889402041780356e-50;True;AGGSRQ;;True;;1.0889402041780356e-50;49.96299596754314;48;;49;5568;0.86;Gly-rich
cdhit;streme;LFDLDVV;42;0;8682;86820;0.0048375950241879755;0.0;inf;True;inf;1.6683420845461492e-44;1.7942546947005757e-44;True;True;1.962755393583705e-44;True;LFDLDVV;;True;;1.962755393583705e-44;43.70713382054061;42;;42;5568;0.75;Hydrophobic/signal-like
cdhit;streme;KIEEYT;39;0;8682;86820;0.004492052522460262;0.0;inf;True;inf;2.248712384752857e-41;2.373640850572461e-41;True;True;2.6314719396044077e-41;True;KIEEYT;;True;;2.6314719396044077e-41;40.57980125667081;39;;50;5568;0.7;Other
cdhit;meme;YQIPAJPK;24;0;8682;86820;0.0027643400138217;0.0;inf;True;inf;9.863069890989188e-26;1.0825320612061302e-25;True;True;1.0849376880088106e-25;True;YQIPAJPK;;True;;1.0849376880088106e-25;24.964595204240375;24;;24;5974;0.4;Other
mmseq;meme;CKTDADC;895;1;13146;131460;0.06808154571732847;7.606876616461281e-06;8950.0;False;9603.771528854788;0.0;0.0;True;True;0.0;True;CKTDADC;8950.0;False;9603.771528854788;0.0;300.0;894;3.951823035315912;965;8331;10.74;Cys-rich
cdhit;meme;FLGAJLKLAAKVLPKIICKI;738;2;8682;86820;0.08500345542501728;2.30361667818475e-05;3690.0;False;4032.7092145015104;0.0;0.0;True;True;0.0;True;FLGAJLKLAAKVLPKIICKI;3690.0;False;4032.7092145015104;0.0;300.0;736;3.56702636615906;1048;5974;12.35;Hydrophobic/signal-like
cdhit;streme;IJFLSLFLVV;711;2;8682;86820;0.08189357290946786;2.30361667818475e-05;3555.0;False;3872.010914565299;0.0;0.0;True;True;0.0;True;IJFLSLFLVV;3555.0;False;3872.010914565299;0.0;300.0;709;3.550839605065785;887;5568;12.77;Hydrophobic/signal-like
cdhit;meme;CXTDEDCPKVC;1371;6;8682;86820;0.1579129232895646;6.910850034554251e-05;2284.9999999999995;False;2713.3085761181783;0.0;0.0;True;True;0.0;True;CXTDEDCPKVC;2284.9999999999995;False;2713.3085761181783;0.0;300.0;1365;3.358886204405869;1615;5974;22.95;Cys-rich
mmseq;streme;KKLLKKLC;1890;9;13146;131460;0.14376996805111822;6.846188954815152e-05;2100.0000000000005;False;2452.444029850746;0.0;0.0;True;True;0.0;True;KKLLKKLC;2100.0000000000005;False;2452.444029850746;0.0;300.0;1881;3.3222192947339195;3183;8440;22.39;Cationic-rich
mmseq;meme;EEVEELEEEELEE;192;1;13146;131460;0.01460520310360566;7.606876616461281e-06;1920.0;False;1948.4427975914773;5.545553980217453e-199;8.605169969302943e-199;True;True;1.326110734399826e-198;True;EEVEELEEEELEE;1920.0;False;1948.4427975914773;1.326110734399826e-198;197.87742020946754;191;3.2833012287035497;313;8331;2.3;Other
cdhit;streme;FLPLLAGL;321;2;8682;86820;0.036973047684865236;2.30361667818475e-05;1605.0;False;1666.5816289917475;0.0;0.0;True;True;0.0;True;FLPLLAGL;1605.0;False;1666.5816289917475;0.0;300.0;319;3.205475036740891;334;5568;5.77;Hydrophobic/signal-like
cdhit;meme;CSWPVC;386;3;8682;86820;0.04445980188896568;3.4554250172771254e-05;1286.6666666666667;False;1346.4867405978785;0.0;0.0;True;True;0.0;True;CSWPVC;1286.6666666666667;False;1346.4867405978785;0.0;300.0;383;3.1094660499520925;447;5974;6.46;Cys-rich
mmseq;streme;ARNIYNVC;209;2;13146;131460;0.015898372128404076;1.5213753232922563e-05;1045.0;False;1061.8660431321018;9.050794422673787e-215;3.886517605030509e-214;True;True;2.3704461583193252e-214;True;ARNIYNVC;1045.0;False;1061.8660431321018;2.3704461583193252e-214;213.62516990468183;207;3.019116290447073;219;8440;2.48;Other
cdhit;streme;CIYGTCR;818;9;8682;86820;0.09421792213775627;0.00010366275051831375;908.8888888888888;False;1003.325957951848;0.0;0.0;True;True;0.0;True;CIYGTCR;908.8888888888888;False;1003.325957951848;0.0;300.0;809;2.958510794231998;884;5568;14.69;Cys-rich
cdhit;streme;LKKLLKKLKK;1278;17;8682;86820;0.14720110573600553;0.00019580741764570376;751.7647058823529;False;881.353751549242;0.0;0.0;True;True;0.0;True;LKKLLKKLKK;751.7647058823529;False;881.353751549242;0.0;300.0;1261;2.8760819324441074;2043;5568;22.95;Cationic-rich
cdhit;meme;KKRKRRR;217;3;8682;86820;0.024994240958304537;3.4554250172771254e-05;723.3333333333333;False;741.8503248670999;1.1608852392731658e-221;2.0895934306916985e-221;True;True;3.077045212531283e-221;True;KKRKRRR;723.3333333333333;False;741.8503248670999;3.077045212531283e-221;220.51186612240429;214;2.859338479128867;641;5974;3.63;Cationic-rich
mmseq;meme;WKKJKKLAKK;927;13;13146;131460;0.07051574623459607;9.888939601399665e-05;713.076923076923;False;767.0989631532229;0.0;0.0;True;True;0.0;True;WKKJKKLAKK;713.076923076923;False;767.0989631532229;0.0;300.0;914;2.8531363818376603;1134;8331;11.13;Cationic-rich
cdhit;meme;CRRRGGYCRFXPCPFCPF;1033;16;8682;86820;0.11898180142824234;0.00018428933425478;645.625;False;732.681821153092;0.0;0.0;True;True;0.0;True;CRRRGGYCRFXPCPFCPF;645.625;False;732.681821153092;0.0;300.0;1017;2.8099803388636957;1575;5974;17.29;Other
cdhit;meme;VLSKLGBVIEEI;255;4;8682;86820;0.029371112646855563;4.6072333563695e-05;637.5;False;656.7604129583482;1.1450846497505154e-259;2.2403830103814437e-259;True;True;3.5988374706444773e-259;True;VLSKLGBVIEEI;637.5;False;656.7604129583482;3.5988374706444773e-259;258.44383776634965;251;2.804480189105993;260;5974;4.27;Other
cdhit;streme;GCKIKGEC;305;5;8682;86820;0.035130154342317435;5.759041695461875e-05;610.0;False;632.1732123671959;2.53427715933523e-310;1.31321634620098e-309;True;True;8.8498567468849e-310;True;GCKIKGEC;610.0;False;632.1732123671959;8.8498567468849e-310;300.0;300;2.785329835010767;312;5568;5.48;Cys-rich
mmseq;streme;RIRVAVIRA;356;6;13146;131460;0.02708048075460216;4.5641259698767684e-05;593.3333333333334;False;609.8204847537138;0.0;0.0;True;True;0.0;True;RIRVAVIRA;593.3333333333334;False;609.8204847537138;0.0;300.0;350;2.7732987475892314;396;8440;4.22;Hydrophobic/signal-like
mmseq;streme;CPPGTA;178;3;13146;131460;0.01354024037730108;2.2820629849383842e-05;593.3333333333334;False;601.4637569401604;1.0530548891620886e-180;3.074920276353299e-180;True;True;2.3401219759157525e-180;True;CPPGTA;593.3333333333334;False;601.4637569401604;2.3401219759157525e-180;179.63076150494604;175;2.7732987475892314;196;8440;2.11;Other
mmseq;streme;GLLEAL;177;3;13146;131460;0.013464171611136467;2.2820629849383842e-05;590.0;False;598.0386305806153;1.1532817536013502e-179;3.238060308188406e-179;True;True;2.5372198579229703e-179;True;GLLEAL;590.0;False;598.0386305806153;2.5372198579229703e-179;178.59564189819187;174;2.7708520116421442;186;8440;2.1;Hydrophobic/signal-like
mmseq;streme;EINNYT;57;1;13146;131460;0.00433591967138293;7.606876616461281e-06;569.9999999999999;False;572.4778821911528;2.0680484542500786e-58;2.903221868466457e-58;True;True;2.5276147774167626e-58;True;EINNYT;569.9999999999999;False;572.4778821911528;2.5276147774167626e-58;57.59728911424657;56;2.7558748556724915;57;8440;0.68;Other
mmseq;meme;BLKELASLI;161;3;13146;131460;0.012247071352502662;2.2820629849383842e-05;536.6666666666667;False;543.3083557951483;4.827114495952866e-163;7.2406717439293e-163;True;True;9.9249083094358e-163;True;BLKELASLI;536.6666666666667;False;543.3083557951483;9.9249083094358e-163;162.0032734967452;158;2.7297046213121874;168;8331;1.93;Other
cdhit;meme;AAAAAVAGAAAG;242;5;8682;86820;0.027873761806035475;5.759041695461875e-05;484.0;False;497.84905213270144;2.0384291932082832e-244;3.822054737265531e-244;True;True;5.979392300077632e-244;True;AAAAAVAGAAAG;484.0;False;497.84905213270144;5.979392300077632e-244;243.22334295215438;237;2.6848453616444123;516;5974;4.05;Hydrophobic/signal-like
cdhit;streme;VVAATY;82;2;8682;86820;0.009444828380557475;2.30361667818475e-05;410.0;False;413.8997674418605;8.233489678761738e-83;1.1446558821693149e-82;True;True;1.1464352717263179e-82;True;VVAATY;410.0;False;413.8997674418605;1.1464352717263179e-82;81.94065046071219;80;2.6127838567197355;84;5568;1.47;Hydrophobic/signal-like
mmseq;streme;NLKAJAA;241;6;13146;131460;0.018332572645671688;4.5641259698767684e-05;401.6666666666667;False;409.1490895001937;2.3949633944951548e-241;1.1655488519876424e-240;True;True;6.755024958832489e-241;True;NLKAJAA;401.6666666666667;False;409.1490895001937;6.755024958832489e-241;240.1703730419842;235;2.603865792191225;262;8440;2.86;Other
mmseq;streme;AVAQQG;115;3;13146;131460;0.008747908108930473;2.2820629849383842e-05;383.3333333333333;False;386.7074668099148;2.221748934908631e-115;4.63393349280943e-115;True;True;3.789029191317046e-115;True;AVAQQG;383.3333333333333;False;386.7074668099148;3.789029191317046e-115;114.42147204883452;112;2.583576585633949;122;8440;1.36;Other
cdhit;meme;GJLSGJLGAGKNJVC;605;18;8682;86820;0.06968440451508869;0.0002073255010366275;336.1111111111111;False;361.2122900416821;0.0;0.0;True;True;0.0;True;GJLSGJLGAGKNJVC;336.1111111111111;False;361.2122900416821;0.0;300.0;587;2.5264828695491626;746;5974;10.13;Other
cdhit;meme;WKKWKKKW;684;21;8682;86820;0.07878369039391846;0.00024187975120939877;325.7142857142857;False;353.48429964634016;0.0;0.0;True;True;0.0;True;WKKWKKKW;325.7142857142857;False;353.48429964634016;0.0;300.0;663;2.512836806986197;1265;5974;11.45;Cationic-rich
mmseq;streme;EIMNSA;58;2;13146;131460;0.004411988437547543;1.5213753232922563e-05;290.0;False;291.2807151589242;5.205978426098717e-58;7.170498586890685e-58;True;True;6.327708584208385e-58;True;EIMNSA;290.0;False;291.2807151589242;6.327708584208385e-58;57.19875353001362;56;2.462397997898956;59;8440;0.69;Other
mmseq;meme;CPWNARQIGT;137;5;13146;131460;0.010421420964551955;3.8034383082306405e-05;274.0;False;276.8750096087324;3.135826176911914e-135;4.150358175324592e-135;True;True;5.797325705215302e-135;True;CPWNARQIGT;274.0;False;276.8750096087324;5.797325705215302e-135;134.23677229942152;132;2.437750562820388;140;8331;1.64;Other
mmseq;streme;NVEKRV;101;4;13146;131460;0.007682945382625894;3.0427506465845125e-05;252.5;False;254.44722115753163;1.5276744771804783e-99;2.593493879864533e-99;True;True;2.350268426431505e-99;True;NVEKRV;252.5;False;254.44722115753163;2.350268426431505e-99;98.62888253370247;97;2.40226138245468;110;8440;1.2;Other
mmseq;streme;MTPFLRGV;100;4;13146;131460;0.007606876616461281;3.0427506465845125e-05;250.0;False;251.90863099800703;1.6277071725196348e-98;2.7005141725893945e-98;True;True;2.4867748469049976e-98;True;MTPFLRGV;249.99999999999997;False;251.90863099800703;2.4867748469049976e-98;97.60436353405987;96;2.3979400086720375;120;8440;1.18;Other
mmseq;meme;JLDAJKNLAK;1196;51;13146;131460;0.09097824433287692;0.00038795070743952533;234.50980392156865;False;257.8803248830913;0.0;0.0;True;True;0.0;True;JLDAJKNLAK;234.50980392156862;False;257.8803248830913;0.0;300.0;1145;2.370161003554456;1500;8331;14.36;Other
mmseq;meme;RKKCKKNE;256;11;13146;131460;0.01947360413814088;8.36756427810741e-05;232.72727272727272;False;237.329459059172;9.353319314082457e-250;1.82999725710309e-249;True;True;2.818808560408412e-249;True;RKKCKKNE;232.72727272727272;False;237.329459059172;2.818808560408412e-249;248.5499344182687;245;2.3668472801536247;261;8331;3.07;Cationic-rich
mmseq;streme;GGEVTEEE;107;5;13146;131460;0.00813935797961357;3.8034383082306405e-05;214.0;False;215.74791011580643;2.1105841336257105e-104;3.950580557812227e-104;True;True;3.3892591926836234e-104;True;GGEVTEEE;214.0;False;215.74791011580643;3.3892591926836234e-104;103.4698952173391;102;2.330413773349191;113;8440;1.27;Other
mmseq;streme;LGALIK;305;17;13146;131460;0.023200973680206908;0.0001293169024798418;179.41176470588235;False;183.6494088329203;1.5174330873466669e-292;9.23105128135889e-292;True;True;5.058110291155557e-292;True;LGALIK;179.41176470588235;False;183.6494088329203;5.058110291155557e-292;291.2960117051778;288;2.253850917968512;311;8440;3.61;Hydrophobic/signal-like
cdhit;meme;PPPRPPPPPPPRPPP;196;11;8682;86820;0.022575443446210552;0.00012669891730016124;178.18181818181822;False;182.2741627921925;2.112421258942164e-188;3.6561137173999e-188;True;True;4.840965385075792e-188;True;PPPRPPPPPPPRPPP;178.18181818181822;False;182.2741627921925;4.840965385075792e-188;187.31506802273492;185;2.250863386198251;743;5974;3.28;Other
mmseq;meme;VLGVVGNGL;160;9;13146;131460;0.01217100258633805;6.846188954815152e-05;177.7777777777778;False;179.95584988962472;1.0586560943106737e-153;1.5367588465800098e-153;True;True;2.1367370710857637e-153;True;VLGVVGNGL;177.7777777777778;False;179.95584988962472;2.1367370710857637e-153;152.67024891517886;151;2.2498774732166;163;8331;1.92;Gly-rich
mmseq;streme;DSDCPK;525;30;13146;131460;0.039936102236421724;0.00022820629849383843;175.0;False;182.2379367720466;0.0;0.0;True;True;0.0;True;DSDCPK;175.0;False;182.2379367720466;0.0;300.0;495;2.2430380486862944;539;8440;6.22;Other
mmseq;streme;EERBADEE;223;13;13146;131460;0.016963334854708658;9.888939601399665e-05;171.53846153846155;False;174.48128262668232;2.522982441593364e-213;1.0232095457573089e-212;True;True;6.53007220177106e-213;True;EERBADEE;171.53846153846155;False;174.48128262668232;6.53007220177106e-213;212.18508201678657;210;2.2343615107413237;360;8440;2.64;Other
mmseq;streme;GIASSJ;219;13;13146;131460;0.016659059790050206;9.888939601399665e-05;168.46153846153845;False;171.29855222521735;3.126294867433419e-209;1.141097626613198e-208;True;True;7.815737168583547e-209;True;GIASSJ;168.46153846153845;False;171.29855222521735;7.815737168583547e-209;208.1070300537101;206;2.2265007625332816;220;8440;2.59;Other
cdhit;meme;CWKGKGKC;1090;65;8682;86820;0.12554710896106888;0.0007486754204100438;167.6923076923077;False;191.62468590419064;0.0;0.0;True;True;0.0;True;CWKGKGKC;167.6923076923077;False;191.62468590419064;0.0;300.0;1025;2.224513141297768;1322;5974;18.25;Cys-rich
mmseq;meme;GYGGYGGGPYGGGGGPGGGG;117;7;13146;131460;0.008900045641259699;5.3248136315228964e-05;167.14285714285714;False;168.63481464425513;3.5035523298949154e-112;4.261077157980302e-112;True;True;5.929088558283702e-112;True;GYGGYGGGPYGGGGGPGGGG;167.14285714285714;False;168.63481464425513;5.929088558283702e-112;111.22701206288042;110;2.223087821731905;394;8331;1.4;Gly-rich
mmseq;meme;AGKLLDKLKCKJTK;312;19;13146;131460;0.023733455043359195;0.00014453065571276433;164.21052631578948;False;168.17824364557958;2.58560317692185e-297;5.540578236261107e-297;True;True;8.751272291120107e-297;True;AGKLLDKLKCKJTK;164.21052631578948;False;168.17824364557958;8.751272291120107e-297;296.0579288031097;293;2.215400993065614;320;8331;3.75;Cationic-rich
mmseq;meme;KLLKKLLKLL;1064;67;13146;131460;0.08093716719914804;0.0005096607333029058;158.80597014925374;False;172.70313553899103;0.0;0.0;True;True;0.0;True;KLLKKLLKLL;158.80597014925374;False;172.70313553899103;0.0;300.0;997;2.200866825258203;1335;8331;12.77;Cationic-rich
mmseq;meme;KKLFKKKK;606;39;13146;131460;0.046097672295755364;0.00029666818804198995;155.3846153846154;False;162.8453073242547;0.0;0.0;True;True;0.0;True;KKLFKKKK;155.3846153846154;False;162.8453073242547;0.0;300.0;567;2.191408017139787;898;8331;7.27;Cationic-rich
cdhit;streme;NYWILEY;90;6;8682;86820;0.010366275051831375;6.910850034554251e-05;150.0;False;151.5607541899441;6.544572604907416e-86;9.565144576403148e-86;True;True;9.229525468459176e-86;True;NYWILEY;150.0;False;151.5607541899441;9.229525468459176e-86;85.0348206274386;84;2.1760912590556813;90;5568;1.62;Hydrophobic/signal-like
mmseq;streme;RRRRRR;1311;99;13146;131460;0.0997261524418074;0.0007530807850296669;132.4242424242424;False;146.98251718707994;0.0;0.0;True;True;0.0;True;RRRRRR;132.4242424242424;False;146.98251718707994;0.0;300.0;1212;2.1219674970925344;3091;8440;15.53;Cationic-rich
cdhit;meme;YGNGVYCNKKKC;460;36;8682;86820;0.05298318359824925;0.000414651002073255;127.77777777777776;False;134.8706721803292;0.0;0.0;True;True;0.0;True;YGNGVYCNKKKC;127.77777777777777;False;134.8706721803292;0.0;300.0;424;2.1064553309142866;490;5974;7.7;Other
cdhit;meme;KKVGKKVAKAVAK;551;44;8682;86820;0.06346463948398987;0.000506795669200645;125.22727272727272;False;133.64557641350163;0.0;0.0;True;True;0.0;True;KKVGKKVAKAVAK;125.22727272727273;False;133.64557641350163;0.0;300.0;507;2.0976989223655975;791;5974;9.22;Cationic-rich
mmseq;streme;FLPLLL;365;30;13146;131460;0.027765099650083676;0.00022820629849383843;121.66666666666669;False;125.11266724043502;0.0;0.0;True;True;0.0;True;FLPLLL;121.66666666666667;False;125.11266724043502;0.0;300.0;335;2.0851716097368125;390;8440;4.32;Hydrophobic/signal-like
cdhit;meme;LGKLJKKAAK;868;75;8682;86820;0.09997696383321815;0.0008638562543192813;115.73333333333332;False;128.47821858203224;0.0;0.0;True;True;0.0;True;LGKLJKKAAK;115.73333333333332;False;128.47821858203224;0.0;300.0;793;2.063458461784792;1194;5974;14.53;Cationic-rich
mmseq;streme;MDTLKKS;318;29;13146;131460;0.024189867640346873;0.00022059942187737714;109.65517241379312;False;112.34868230057094;2.1946852488350132e-292;1.2324001781919688e-291;True;True;7.206429175279146e-292;True;MDTLKKS;109.65517241379311;False;112.34868230057094;7.206429175279146e-292;291.142279877253;289;2.0400291220854765;338;8440;3.77;Other
mmseq;streme;LKLKLK;757;70;13146;131460;0.0575840559866119;0.0005324813631522897;108.14285714285714;False;114.68956332230204;0.0;0.0;True;True;0.0;True;LKLKLK;108.14285714285714;False;114.68956332230204;0.0;300.0;687;2.033997839485816;1198;8440;8.97;Cationic-rich
mmseq;meme;IVKAVAKYGPKAVV;254;25;13146;131460;0.019321466605811653;0.00019017191541153202;101.6;False;103.58203537077256;9.353760898245073e-232;1.5589601497075119e-231;True;True;2.540527651375205e-231;True;IVKAVAKYGPKAVV;101.6;False;103.58203537077256;2.540527651375205e-231;230.59507607382028;229;2.0068937079479006;299;8331;3.05;Hydrophobic/signal-like
cdhit;streme;AITKKC;142;15;8682;86820;0.016355678415111725;0.00017277125086385625;94.66666666666669;False;96.22412177985947;3.799194784843972e-129;8.020522323559495e-129;True;True;6.851006989062899e-129;True;AITKKC;94.66666666666667;False;96.22412177985947;6.851006989062899e-129;128.16424558943436;127;1.9761970853273754;148;5568;2.55;Other
mmseq;meme;RKKWFW;426;45;13146;131460;0.03240529438612506;0.00034230944774075767;94.66666666666666;False;97.80361635220126;0.0;0.0;True;True;0.0;True;RKKWFW;94.66666666666666;False;97.80361635220126;0.0;300.0;381;1.9761970853273751;515;8331;5.11;Cationic-rich
mmseq;streme;ATGGNAGW;104;11;13146;131460;0.007911151681119732;8.36756427810741e-05;94.54545454545452;False;95.2914081777753;8.682888734902233e-95;1.3779366905388332e-94;True;True;1.299479946720062e-94;True;ATGGNAGW;94.54545454545453;False;95.2914081777753;1.299479946720062e-94;93.88623041804524;93;1.9756406541405551;116;8440;1.23;Gly-rich
mmseq;streme;DWVRWI;232;25;13146;131460;0.01764795375019017;0.00019017191541153202;92.8;False;94.44918692891436;1.2819238580029766e-209;4.925286401800911e-209;True;True;3.241646537478792e-209;True;DWVRWI;92.8;False;94.44918692891436;3.241646537478792e-209;208.48923434148975;207;1.9675479762188621;251;8440;2.75;Hydrophobic/signal-like
mmseq;streme;IPCVTV;110;12;13146;131460;0.00836756427810741;9.128251939753537e-05;91.66666666666669;False;92.4317275237803;7.787615591014712e-100;1.3535617574858904e-99;True;True;1.2065319929741102e-99;True;IPCVTV;91.66666666666667;False;92.4317275237803;1.2065319929741102e-99;98.91846115764422;98;1.9622114391106003;110;8440;1.3;Other
cdhit;streme;AKQLLES;116;14;8682;86820;0.013360976733471551;0.0001612531674729325;82.85714285714286;False;83.96564490844202;4.638156819166103e-104;8.528223828789284e-104;True;True;7.394163045047409e-104;True;AKQLLES;82.85714285714286;False;83.96564490844202;7.394163045047409e-104;103.13111097724361;102;1.9183299535486804;116;5568;2.08;Other
mmseq;streme;YGNGVY;226;28;13146;131460;0.017191541153202494;0.00021299254526091586;80.71428571428571;False;82.10866873065015;8.361506398951132e-201;2.6538694222757945e-200;True;True;2.0214630854607126e-200;True;YGNGVY;80.71428571428571;False;82.10866873065015;2.0214630854607126e-200;199.69433418503874;198;1.9069504078051818;326;8440;2.68;Gly-rich
mmseq;streme;FIGAIA;149;20;13146;131460;0.011334246158527309;0.00015213753232922562;74.5;False;75.34261752712165;2.239693690698456e-131;4.9544739218481e-131;True;True;4.106105099613836e-131;True;FIGAIA;74.5;False;75.34261752712165;4.106105099613836e-131;130.38656993864828;129;1.8721562727482928;155;8440;1.77;Hydrophobic/signal-like
mmseq;meme;WRWWRRW;1507;205;13146;131460;0.11463563061007151;0.0015594097063745627;73.51219512195122;False;82.90096374887625;0.0;0.0;True;True;0.0;True;WRWWRRW;73.51219512195122;False;82.90096374887625;0.0;300.0;1302;1.8663593912588776;3665;8331;18.09;Cationic-rich
mmseq;streme;SIPPIC;114;16;13146;131460;0.00867183934276586;0.0001217100258633805;71.24999999999999;False;71.86452578268877;3.318953017092661e-100;5.909355371896687e-100;True;True;5.178508253619756e-100;True;SIPPIC;71.24999999999999;False;71.86452578268877;5.178508253619756e-100;99.28579532722867;98;1.8527848686805477;126;8440;1.35;Other
mmseq;streme;TISLSLCE;185;27;13146;131460;0.01407272174045337;0.0002053856686444546;68.51851851851852;False;69.48225016931136;5.690934003921615e-161;1.483707793879564e-160;True;True;1.1592643341321808e-160;True;TISLSLCE;68.51851851851852;False;69.48225016931136;1.1592643341321808e-160;159.93581752541186;158;1.8358079642440266;186;8440;2.19;Other
mmseq;streme;GIGCPT;170;25;13146;131460;0.012931690247984177;0.00019017191541153202;68.0;False;68.87777435265104;7.518820556111567e-148;1.829579668653815e-147;True;True;1.4902166867968872e-147;True;GIGCPT;68.0;False;68.87777435265104;1.4902166867968872e-147;146.8267505778709;145;1.8325089127062364;173;8440;2.01;Gly-rich
mmseq;streme;AGYLLG;128;19;13146;131460;0.00973680206907044;0.00014453065571276433;67.36842105263158;False;68.0209911782067;1.778419586851701e-111;3.606239717782616e-111;True;True;2.986658848147895e-111;True;AGYLLG;67.36842105263158;False;68.0209911782067;2.986658848147895e-111;110.52481438195844;109;1.8284563686950395;140;8440;1.52;Gly-rich
mmseq;streme;KIRVRL;221;33;13146;131460;0.016811197322379432;0.0002510269283432223;66.96969696969697;False;68.09768946720591;1.8058808948410262e-191;5.4928877218081216e-191;True;True;4.226529753883253e-191;True;KIRVRL;66.96969696969697;False;68.09768946720591;4.226529753883253e-191;190.37401606933548;188;1.8258783338072233;238;8440;2.62;Cationic-rich
mmseq;streme;KHFIHRF;116;18;13146;131460;0.008823976875095086;0.00013692377909630305;64.44444444444444;False;65.00926068048093;1.689931766988987e-100;3.084125474754902e-100;True;True;2.655607062411266e-100;True;KHFIHRF;64.44444444444444;False;65.00926068048093;2.655607062411266e-100;99.57583618504614;98;1.8091854841236124;135;8440;1.37;Other
mmseq;streme;PIGASCRDDSE;44;7;13146;131460;0.003347025711242964;5.3248136315228964e-05;62.85714285714286;False;63.064875591512745;8.547330634754847e-39;1.0757847178225927e-38;True;True;9.845092877728096e-39;True;PIGASCRDDSE;62.85714285714286;False;63.064875591512745;9.845092877728096e-39;38.006780182411134;37;1.7983546364719305;44;8440;0.52;Other
mmseq;meme;WQRNJRKV;315;54;13146;131460;0.023961661341853034;0.0004107713372889092;58.33333333333333;False;59.740861974904526;5.885622689260646e-267;1.2038773682578594e-266;True;True;1.8765753501990463e-266;True;WQRNJRKV;58.33333333333333;False;59.740861974904526;1.8765753501990463e-266;265.7266339926585;261;1.765916793966632;342;8331;3.78;Cationic-rich
cdhit;meme;CGEHCVKI;782;143;8682;86820;0.09007141211702373;0.0016470859249020963;54.68531468531469;False;59.999481278215455;0.0;0.0;True;True;0.0;True;CGEHCVKI;54.68531468531469;False;59.999481278215455;0.0;300.0;639;1.7378707155947861;833;5974;13.09;Cys-rich
mmseq;streme;GPAVAVV;113;21;13146;131460;0.008595770576601247;0.0001597444089456869;53.8095238095238;False;54.267398143175015;3.314485271949985e-95;5.3768316633855305e-95;True;True;4.994429861842443e-95;True;GPAVAVV;53.8095238095238;False;54.267398143175015;4.994429861842443e-95;94.30151408140958;92;1.7308591487495004;115;8440;1.34;Hydrophobic/signal-like
mmseq;streme;FAKLLA;166;31;13146;131460;0.012627415183325726;0.00023581317511029971;53.54838709677419;False;54.22042348029226;3.8609881579424626e-139;8.807879235306244e-139;True;True;7.259977732883264e-139;True;FAKLLA;53.54838709677419;False;54.22042348029226;7.259977732883264e-139;138.1390647113248;135;1.7287463942057824;199;8440;1.97;Hydrophobic/signal-like
mmseq;streme;RRWWCL;704;135;13146;131460;0.05355241137988742;0.001026928343222273;52.14814814814815;False;55.042240440086445;0.0;0.0;True;True;0.0;True;RRWWCL;52.14814814814815;False;55.042240440086445;0.0;300.0;569;1.717238890647106;935;8440;8.34;Other
mmseq;meme;LKLLLKL;575;117;13146;131460;0.043739540544652365;0.0008900045641259699;49.14529914529914;False;51.34747454968599;0.0;0.0;True;True;0.0;True;LKLLLKL;49.14529914529914;False;51.34747454968599;0.0;300.0;458;1.6914819829434689;902;8331;6.9;Hydrophobic/signal-like
mmseq;streme;RTCESQS;130;27;13146;131460;0.009888939601399666;0.0002053856686444546;48.14814814814815;False;48.61905005804822;3.087530014485861e-107;6.091613271823456e-107;True;True;5.031530393976959e-107;True;RTCESQS;48.148148148148145;False;48.61905005804822;5.031530393976959e-107;106.29829989952258;103;1.6825795881478496;137;8440;1.54;Other
mmseq;streme;GALGNL;80;17;13146;131460;0.006085501293169025;0.0001293169024798418;47.05882352941176;False;47.34083071465231;3.0222451542274214e-66;4.5025284950735056e-66;True;True;3.8882686194738763e-66;True;GALGNL;47.05882352941176;False;47.34083071465231;3.8882686194738763e-66;65.41024373964972;63;1.6726410656136697;81;8440;0.95;Gly-rich
mmseq;meme;WRWWWR;1527;326;13146;131460;0.11615700593336376;0.0024798417769663775;46.84049079754601;False;52.864970481499256;0.0;0.0;True;True;0.0;True;WRWWWR;46.84049079754601;False;52.864970481499256;0.0;300.0;1201;1.6706214369884822;4053;8331;18.33;Hydrophobic/signal-like
mmseq;streme;GGGSGV;98;21;13146;131460;0.007454739084132056;0.0001597444089456869;46.66666666666666;False;47.00965665236051;1.0232673032041416e-80;1.589330066678773e-80;True;True;1.4069925419056947e-80;True;GGGSGV;46.666666666666664;False;47.00965665236051;1.4069925419056947e-80;79.85170820463902;77;1.6690067809585756;107;8440;1.16;Gly-rich
mmseq;streme;ARLLRRLAR;130;28;13146;131460;0.009888939601399666;0.00021299254526091586;46.42857142857143;False;46.88229870928088;1.5864818116059486e-106;3.047715059137744e-106;True;True;2.5663676364213877e-106;True;ARLLRRLAR;46.42857142857143;False;46.88229870928088;2.5663676364213877e-106;105.59068113009957;102;1.6667853209646175;150;8440;1.54;Cationic-rich
mmseq;streme;MFTMKK;145;33;13146;131460;0.011029971093868857;0.0002510269283432223;43.93939393939393;False;44.41829649467523;1.9579750142986675e-117;4.2038875307000805e-117;True;True;3.365269555825835e-117;True;MFTMKK;43.93939393939393;False;44.41829649467523;3.365269555825835e-117;116.47298014335111;112;1.6428540623570873;145;8440;1.72;Other
mmseq;streme;PPGFPPPP;289;66;13146;131460;0.021983873421573104;0.0005020538566864446;43.78787878787879;False;44.74966590537875;7.745822529946897e-233;3.5340315292882715e-232;True;True;2.1301011957353964e-232;True;PPGFPPPP;43.78787878787879;False;44.74966590537875;2.1301011957353964e-232;231.67159976383567;223;1.6413539072146792;589;8440;3.42;Other
mmseq;streme;KEWIRR;252;59;13146;131460;0.019169329073482427;0.00044880572037121557;42.71186440677966;False;43.52707999779164;3.9848820158363173e-202;1.3222563052547785e-201;True;True;9.740822705377665e-202;True;KEWIRR;42.71186440677966;False;43.52707999779164;9.740822705377665e-202;201.01140436126136;193;1.6305485291394;283;8440;2.99;Cationic-rich
cdhit;streme;GIJKKI;543;130;8682;86820;0.06254319281271596;0.0014973508408200875;41.76923076923077;False;44.48918313533131;0.0;0.0;True;True;0.0;True;GIJKKI;41.76923076923077;False;44.48918313533131;0.0;300.0;413;1.6208564772820102;613;5568;9.75;Other
cdhit;meme;KKJKDFLKK;511;123;8682;86820;0.05885740612762037;0.0014167242570836214;41.54471544715447;False;44.08031079576492;0.0;0.0;True;True;0.0;True;KKJKDFLKK;41.54471544715447;False;44.08031079576492;0.0;300.0;388;1.6185157886953148;677;5974;8.55;Cationic-rich
cdhit;streme;AGPAVGVI;229;64;8682;86820;0.02637641096521539;0.00073715733701912;35.78125000000001;False;36.723507926180055;1.977555912286492e-177;5.932667736859475e-177;True;True;4.2653166735591e-177;True;AGPAVGVI;35.78125000000001;False;36.723507926180055;4.2653166735591e-177;176.37004871960224;165;1.5536555083560009;301;5568;4.11;Hydrophobic/signal-like
mmseq;streme;HGQHGVH;67;22;13146;131460;0.005096607333029058;0.0001673512855621482;30.45454545454545;False;30.60543272004393;7.465263927583798e-51;1.0091930865066989e-50;True;True;8.925859043850194e-51;True;HGQHGVH;30.45454545454545;False;30.60543272004393;8.925859043850194e-51;50.04934997577035;45;1.4836521218786203;124;8440;0.79;Other
mmseq;streme;VAPFPEV;51;17;13146;131460;0.0038795070743952533;0.0001293169024798418;30.0;False;30.11294387170676;6.555449343963081e-39;8.39557547560184e-39;True;True;7.590520293009882e-39;True;VAPFPEV;29.999999999999996;False;30.11294387170676;7.590520293009882e-39;38.11972845432339;34;1.4771212547196624;51;8440;0.6;Other
mmseq;streme;MAEILK;276;94;13146;131460;0.020994979461433135;0.0007150464019473604;29.361702127659576;False;29.96992511035064;2.370527773313848e-203;8.240406069138613e-203;True;True;5.859731574483669e-203;True;MAEILK;29.361702127659576;False;29.96992511035064;5.859731574483669e-203;202.2321222779052;182;1.467781228465519;278;8440;3.27;Hydrophobic/signal-like
mmseq;streme;PVADHQ;46;16;13146;131460;0.0034991632435721893;0.0001217100258633805;28.75;False;28.8474427480916;7.183873792524975e-35;8.740379780905387e-35;True;True;8.1048832531051e-35;True;PVADHQ;28.75;False;28.8474427480916;8.1048832531051e-35;34.09125323657085;30;1.4586378490256493;47;8440;0.55;Other
mmseq;streme;KKIEEYTK;201;73;13146;131460;0.015289821999087174;0.0005553019930016735;27.534246575342465;False;27.946249940475244;6.684698101303667e-146;1.5741385851457022e-145;True;True;1.2900294581463216e-145;True;KKIEEYTK;27.534246575342465;False;27.946249940475244;1.2900294581463216e-145;144.88940037236407;128;1.439873197300033;240;8440;2.38;Cationic-rich
mmseq;meme;KVVAATY;203;75;13146;131460;0.0154419595314164;0.0005705157462345961;27.066666666666663;False;27.47550027041644;1.1450456190715821e-146;1.6102204018194124e-146;True;True;2.249196751747751e-146;True;KVVAATY;27.066666666666666;False;27.47550027041644;2.249196751747751e-146;145.647972552363;128;1.432434774521513;204;8331;2.44;Hydrophobic/signal-like
mmseq;streme;GLRRLG;64;25;13146;131460;0.00486840103453522;0.00019017191541153202;25.6;False;25.72034857055496;1.5873031125129091e-46;2.106784131153497e-46;True;True;1.877455294370107e-46;True;GLRRLG;25.6;False;25.72034857055496;1.877455294370107e-46;45.72643039554325;39;1.4082399653118496;67;8440;0.76;Gly-rich
cdhit;streme;LLQLLK;154;62;8682;86820;0.017737848422022577;0.0007141211702372725;24.83870967741936;False;25.269192943170125;3.917787290678351e-109;7.700478467885034e-109;True;True;6.480550405633363e-109;True;LLQLLK;24.83870967741936;False;25.269192943170125;6.480550405633363e-109;108.18838810709575;92;1.3951290313382092;156;5568;2.77;Hydrophobic/signal-like
mmseq;streme;TLHLVLRL;89;36;13146;131460;0.00677012018865054;0.0002738475581926061;24.72222222222222;False;24.88391922595798;1.6656502563154997e-63;2.38416605315748e-63;True;True;2.105994576950632e-63;True;TLHLVLRL;24.72222222222222;False;24.88391922595798;2.105994576950632e-63;62.67654275148075;53;1.3930875058776255;95;8440;1.05;Hydrophobic/signal-like
mmseq;meme;KKKRRR;560;229;13146;131460;0.042598509052183174;0.0017419747451696333;24.45414847161572;False;25.49771458826158;0.0;0.0;True;True;0.0;True;KKKRRR;24.45414847161572;False;25.49771458826158;0.0;300.0;331;1.3883525446663125;1402;8331;6.72;Cationic-rich
mmseq;streme;WQRNIRKV;368;157;13146;131460;0.027993305948577515;0.0011942796287844211;23.43949044585987;False;24.085736531638275;1.2123321870670271e-254;6.321446403992357e-254;True;True;3.7043483493714726e-254;True;WQRNIRKV;23.43949044585987;False;24.085736531638275;3.7043483493714726e-254;253.4312881799015;211;1.3699481662642838;392;8440;4.36;Cationic-rich
cdhit;meme;WKKJYKLAKK;654;313;8682;86820;0.07532826537664132;0.003605160101359134;20.894568690095845;False;22.515277200723983;0.0;0.0;True;True;0.0;True;WKKJYKLAKK;20.894568690095845;False;22.515277200723983;0.0;300.0;341;1.3200334107778187;813;5974;10.95;Cationic-rich
mmseq;meme;LKKJGKKIK;369;185;13146;131460;0.028069374714742128;0.001407272174045337;19.945945945945947;False;20.493105220740816;1.0726389759804267e-242;1.856490535350739e-242;True;True;3.0646827885155053e-242;True;LKKJGKKIK;19.945945945945947;False;20.493105220740816;3.0646827885155053e-242;241.5136144706812;184;1.2998546377560465;428;8331;4.43;Cationic-rich
mmseq;meme;XFCCGC;351;180;13146;131460;0.026700136923779098;0.0013692377909630307;19.5;False;20.00750293083236;3.99301175049293e-229;6.41734031329221e-229;True;True;1.0712958354981031e-228;True;XFCCGC;19.5;False;20.00750293083236;1.0712958354981031e-228;227.97009058333893;171;1.290034611362518;410;8331;4.21;Cys-rich
cdhit;streme;EVGMDVVRT;22;12;8682;86820;0.002533978346003225;0.00013821700069108501;18.33333333333333;False;18.37736720554273;2.215254567481796e-15;2.2548126847582563e-15;True;True;2.4007684967783008e-15;True;EVGMDVVRT;18.333333333333332;False;18.37736720554273;2.4007684967783008e-15;14.619649716419055;10;1.2632414347745813;22;5568;0.4;Other
mmseq;meme;CCSRYGRC;1095;621;13146;131460;0.08329529895025102;0.004723870378822456;17.632850241545892;False;19.144174697150635;0.0;0.0;True;True;0.0;True;CCSRYGRC;17.632850241545892;False;19.144174697150635;0.0;300.0;474;1.2463225189995568;1366;8331;13.14;Cys-rich
cdhit;streme;RRRRWRR;641;381;8682;86820;0.07383091453582125;0.004388389771941949;16.824146981627297;False;18.08559185356152;0.0;0.0;True;True;0.0;True;RRRRWRR;16.824146981627297;False;18.08559185356152;0.0;300.0;260;1.225933053843198;1601;5568;11.51;Cationic-rich
mmseq;streme;SEEKRG;53;32;13146;131460;0.004031644606724479;0.000243420051726761;16.5625;False;16.625496448483922;7.416044975825038e-34;8.874939069429964e-34;True;True;8.324132115721982e-34;True;SEEKRG;16.5625;False;16.625496448483922;8.324132115721982e-34;33.079661035539495;21;1.2191258912808831;54;8440;0.63;Other
cdhit;meme;WWWRWV;304;190;8682;86820;0.0350149735084082;0.0021884358442755126;16.0;False;16.54428264502268;1.6739335574413054e-185;2.789889262402176e-185;True;True;3.796550336464817e-185;True;WWWRWV;16.0;False;16.54428264502268;3.796550336464817e-185;184.4206108376657;114;1.2041199826559248;663;5974;5.09;Hydrophobic/signal-like
mmseq;streme;HFLLTL;104;65;13146;131460;0.007911151681119732;0.0004944469800699832;16.0;False;16.119613556203035;3.905781966780789e-64;5.702441671499951e-64;True;True;4.9668903623801934e-64;True;HFLLTL;16.0;False;16.119613556203035;4.9668903623801934e-64;63.30391542638263;39;1.2041199826559248;106;8440;1.23;Hydrophobic/signal-like
cdhit;meme;LLDTIKNVGKNVAGGL;597;383;8682;86820;0.0687629578438148;0.004411425938723797;15.587467362924285;False;16.66461244834986;0.0;0.0;True;True;0.0;True;LLDTIKNVGKNVAGGL;15.587467362924283;False;16.66461244834986;0.0;300.0;214;1.1927755571607463;838;5974;9.99;Other
mmseq;meme;DVLEKAKKLADSPEAKE;28;18;13146;131460;0.002129925452609159;0.00013692377909630305;15.55555555555556;False;15.586623977232302;3.6621861310837535e-18;3.8325203697388125e-18;True;True;3.9885195487050786e-18;True;DVLEKAKKLADSPEAKE;15.555555555555559;False;15.586623977232302;3.9885195487050786e-18;17.399188275024574;10;1.1918855262389134;28;8331;0.34;Other
cdhit;streme;EEVEKRS;152;106;8682;86820;0.0175074867542041;0.0012209168394379175;14.339622641509436;False;14.577327523280765;2.9845011726965826e-89;4.59774504982987e-89;True;True;4.31967274995558e-89;True;EEVEKRS;14.339622641509436;False;14.577327523280765;4.31967274995558e-89;88.364549153248;46;1.1565377226800024;153;5568;2.73;Other
mmseq;meme;IKHYLPRL;153;108;13146;131460;0.01163852122318576;0.0008215426745778184;14.166666666666666;False;14.32171169091049;3.164331207865949e-89;3.747234325104414e-89;True;True;4.550018730264764e-89;True;IKHYLPRL;14.166666666666666;False;14.32171169091049;4.550018730264764e-89;88.34198681555522;45;1.151267675330649;170;8331;1.84;Other
mmseq;streme;ELIVHQR;33;29;13146;131460;0.002510269283432223;0.00022059942187737714;11.379310344827587;False;11.405430778090707;1.1792408750058644e-18;1.3664219662766365e-18;True;True;1.2907114054790557e-18;True;ELIVHQR;11.379310344827587;False;11.405430778090707;1.2907114054790557e-18;17.889170852248643;4;1.0561159419789314;33;8440;0.39;Other
cdhit;streme;NVDAYVKC;72;71;8682;86820;0.0082930200414651;0.0008177839207555862;10.140845070422536;False;10.217284192962651;7.936737826472983e-37;8.225346474708364e-37;True;True;9.04705866230081e-37;True;NVDAYVKC;10.140845070422536;False;10.217284192962651;9.04705866230081e-37;36.04349259365247;1;1.0060741477121933;72;5568;1.29;Other
mmseq;streme;LIIFRILIS;71;75;13146;131460;0.00540088239768751;0.0005705157462345961;9.466666666666669;False;9.512642447418738;4.89995682588024e-35;6.062658445580635e-35;True;True;5.556652070585838e-35;True;LIIFRILIS;9.466666666666667;False;9.512642447418738;5.556652070585838e-35;34.25518679568452;-4;0.9761970853273754;71;8440;0.84;Hydrophobic/signal-like
mmseq;streme;EGFSGG;84;92;13146;131460;0.006389776357827476;0.0006998326487144378;9.130434782608695;False;9.18272053683769;2.304242034690441e-40;3.003744080935754e-40;True;True;2.682186495406863e-40;True;EGFSGG;9.130434782608695;False;9.18272053683769;2.682186495406863e-40;39.57151102845674;-8;0.9604914587163264;85;8440;1.0;Gly-rich
cdhit;meme;KEKKREKERKERKR;190;223;8682;86820;0.021884358442755124;0.0025685325961759963;8.520179372197308;False;8.688435858386368;4.6090900215239536e-86;6.285122756623573e-86;True;True;6.541934224098514e-86;True;KEKKREKERKERKR;8.520179372197308;False;8.688435858386368;6.541934224098514e-86;85.18429382680453;-33;0.9304487379046682;490;5974;3.18;Cationic-rich
mmseq;meme;KKKVKVLKK;550;661;13146;131460;0.041837821390537044;0.005028145443480907;8.32072617246596;False;8.64038315840247;1.1216416245308517e-243;2.018954924155533e-243;True;True;3.246857334168255e-243;True;KKKVKVLKK;8.32072617246596;False;8.64038315840247;3.246857334168255e-243;242.4885367937099;-111;0.9201612300086036;795;8331;6.6;Cationic-rich
mmseq;streme;QQHLLQLTVWGIKQLQA;17;27;13146;131460;0.0012931690247984177;0.0002053856686444546;6.296296296296296;False;6.303154171003969;1.20733546370222e-07;1.355930597696339e-07;True;True;1.276989432761963e-07;True;QQHLLQLTVWGIKQLQA;6.296296296296296;False;6.303154171003969;1.276989432761963e-07;6.89381269655973;-10;0.7990851572192865;17;8440;0.2;Other
cdhit;meme;GYGGGGGGGGGGGGGGG;109;188;8682;86820;0.012554710896106889;0.002165399677493665;5.797872340425532;False;5.858874100032016;1.1792735607861174e-38;1.396508164088823e-38;True;True;1.3512509550674263e-38;True;GYGGGGGGGGGGGGGGG;5.797872340425532;False;5.858874100032016;1.3512509550674263e-38;37.86926398607814;-79;0.7632686486769438;673;5974;1.82;Gly-rich
cdhit;meme;RRPIGRGJ;200;355;8682;86820;0.0230361667818475;0.004088919603777931;5.633802816901409;False;5.743064849839428;3.844601490712036e-68;4.805751863390045e-68;True;True;5.004806674299691e-68;True;RRPIGRGJ;5.633802816901409;False;5.743064849839428;5.004806674299691e-68;67.30061269379034;-155;0.7508016426088872;308;5974;3.35;Cationic-rich
mmseq;meme;FLPIIGKLLSK;780;1481;13146;131460;0.05933363760839799;0.011265784268979158;5.266711681296421;False;5.535839540863881;1.6981010774985967e-249;3.183939520309869e-249;True;True;5.048408608779612e-249;True;FLPIIGKLLSK;5.266711681296421;False;5.535839540863881;5.048408608779612e-249;248.29684550135573;-701;0.7215395441692719;857;8331;9.36;Other
mmseq;meme;GYGGGGAGGSG;184;350;13146;131460;0.013996652974288757;0.0026624068157614484;5.257142857142857;False;5.317574448387594;3.715046289960837e-59;4.077489830444821e-59;True;True;4.617571659838329e-59;True;GYGGGGAGGSG;5.257142857142857;False;5.317574448387594;4.617571659838329e-59;58.33558635604346;-166;0.7207497786592608;512;8331;2.21;Gly-rich
mmseq;streme;AKRHHGY;82;156;13146;131460;0.006237638825498251;0.0011866727521679598;5.256410256410256;False;5.28312685477413;2.9732917771483704e-27;3.5008112859972745e-27;True;True;3.2870562360434235e-27;True;AKRHHGY;5.256410256410256;False;5.28312685477413;3.2870562360434235e-27;26.483192865801424;-74;0.7206892540292551;102;8440;0.97;Other
mmseq;meme;IRVAVIR;258;507;13146;131460;0.019625741670470105;0.0038566864445458695;5.088757396449704;False;5.170608685112338;4.2477395644257286e-80;4.901237958952764e-80;True;True;5.804364622196648e-80;True;IRVAVIR;5.088757396449704;False;5.170608685112338;5.804364622196648e-80;79.23624531359576;-249;0.7066117466298942;266;8331;3.1;Hydrophobic/signal-like
cdhit;meme;IKKILGKLGKL;240;511;8682;86820;0.027643400138217002;0.005885740612762036;4.696673189823875;False;4.801766954992997;1.1062244821426588e-69;1.4222886198977042e-69;True;True;1.4573017130023051e-69;True;IKKILGKLGKL;4.696673189823875;False;4.801766954992997;1.4573017130023051e-69;68.83645052460137;-271;0.6717903415768933;270;5974;4.02;Cationic-rich
cdhit;meme;DPEEPVVR;96;211;8682;86820;0.0110573600552868;0.002430315595484911;4.549763033175355;False;4.589452906362501;6.1949026434348995e-28;6.9692654738642625e-28;True;True;6.883225159372111e-28;True;DPEEPVVR;4.549763033175355;False;4.589452906362501;6.883225159372111e-28;27.162208023868686;-115;0.6579887777418757;112;5974;1.61;Other
mmseq;meme;GYCRKKCKKGE;450;1034;13146;131460;0.03423094477407576;0.007865510421420965;4.352030947775628;False;4.47084111841985;4.5133536089829435e-120;5.641692011228679e-120;True;True;7.818407826584626e-120;True;GYCRKKCKKGE;4.352030947775628;False;4.47084111841985;7.818407826584626e-120;119.10688167948886;-584;0.6386919750174199;477;8331;5.4;Cationic-rich
cdhit;streme;GNVTLL;37;95;8682;86820;0.004261690854641787;0.0010942179221377563;3.894736842105263;False;3.907126114882348;3.454079461935945e-10;3.454079461935945e-10;True;True;3.671002326695208e-10;True;GNVTLL;3.894736842105263;False;3.907126114882348;3.671002326695208e-10;9.435215340238434;-58;0.5904781187781472;37;5568;0.66;Other
mmseq;meme;AAAAAAKAAAKAAAA;320;869;13146;131460;0.0243420051726761;0.0066103757797048536;3.682393555811277;False;3.749317455535245;1.768822560741201e-71;1.989925380833852e-71;True;True;2.3728107522138058e-71;True;AAAAAAKAAAKAAAA;3.6823935558112773;False;3.749317455535245;2.3728107522138058e-71;70.62473689833838;-549;0.5661302018712395;687;8331;3.84;Hydrophobic/signal-like
mmseq;meme;PPPPPPPPPRPPPPP;253;702;13146;131460;0.01924539783964704;0.005340027384755819;3.603988603988604;False;3.6550868058662975;2.26888461719632e-55;2.430947804138914e-55;True;True;2.727620851274264e-55;True;PPPPPPPPPRPPPPP;3.603988603988604;False;3.6550868058662975;2.727620851274264e-55;54.56421599825426;-449;0.5567834090460126;1185;8331;3.04;Other
mmseq;meme;WKLFKKJ;959;3569;13146;131460;0.07294994675186368;0.027148942644150312;2.6870271784813675;False;2.8197800351453237;4.2727187568822025e-139;5.8264346684757315e-139;True;True;7.966085817915971e-139;True;WKLFKKJ;2.6870271784813675;False;2.8197800351453237;7.966085817915971e-139;138.09875501928664;-2610;0.4292720592150032;1390;8331;11.51;Cationic-rich
mmseq;streme;SDEELA;46;184;13146;131460;0.0034991632435721893;0.0013996652974288756;2.5000000000000004;False;2.505267175572519;3.880972197502964e-07;4.2925904608744906e-07;True;True;4.085233892108383e-07;True;SDEELA;2.5000000000000004;False;2.505267175572519;4.085233892108383e-07;6.388783073735201;-138;0.3979400086720377;46;8440;0.55;Other
cdhit;meme;KLLKKLLK;268;1105;8682;86820;0.030868463487675652;0.012727482146970745;2.425339366515837;False;2.4707388138923814;5.921108388776183e-33;6.832048140895594e-33;True;True;6.612405307262741e-33;True;KLLKKLLK;2.425339366515837;False;2.4707388138923814;6.612405307262741e-33;32.17964053421237;-837;0.38477251600765927;318;5974;4.49;Cationic-rich
mmseq;streme;GSVTGG;112;469;13146;131460;0.008519701810436636;0.0035676251331203408;2.388059701492537;False;2.399987174759928;3.0082230720546843e-14;3.4312544415623754e-14;True;True;3.2441621365295614e-14;True;GSVTGG;2.3880597014925375;False;2.399987174759928;3.2441621365295614e-14;13.488897448776395;-357;0.3780451799550983;116;8440;1.33;Gly-rich
cdhit;meme;ELIEKEVEALKNASD;159;785;8682;86820;0.018313752591568762;0.009041695461875145;2.025477707006369;False;2.044608406925883;4.318133721952718e-14;4.6265718449493407e-14;True;True;4.6340947259980396e-14;True;ELIEKEVEALKNASD;2.025477707006369;False;2.044608406925883;4.6340947259980396e-14;13.334035092997969;-626;0.30652746757519883;178;5974;2.66;Other
