Clustering;Tool;Motif;AMP_sequences_with_hit;nonAMP_sequences_with_hit;Total_AMP_sequences;Total_nonAMP_sequences;AMP_hit_rate;nonAMP_hit_rate;Enrichment_ratio;Fisher_oddsratio;Fisher_pvalue;FDR_corrected;Significant_Fisher;Significant_FDR;FDR_corrected_global;Significant_FDR_global;Motif_raw;ER_is_infinite;ER_corrected;OddsRatio_is_infinite;Fisher_oddsratio_plot;MinusLog10_FDR;AMP_nonAMP_hit_diff;log10_ER;Total_hits;AMP_total_sequences;AMP_hit_frequency_pct;Motif_class;Pipeline;Family_ID
cdhit;meme;CKJTKTC;471;0;8682;86820;0.0542501727712508;0.0;inf;inf;0.0;0.0;True;True;0.0;True;CKJTKTC;True;;True;;300.0;471;;479;4948;9.52;Cys-rich;cdhit_meme;FAM_017
cdhit;meme;KCINGVCC;1216;0;8682;86820;0.1400598940336328;0.0;inf;inf;0.0;0.0;True;True;0.0;True;KCINGVCC;True;;True;;300.0;1216;;1443;4948;24.58;Cys-rich;cdhit_meme;FAM_015
cdhit;meme;KKCCRK;574;0;8682;86820;0.0661137986639023;0.0;inf;inf;0.0;0.0;True;True;0.0;True;KKCCRK;True;;True;;300.0;574;;620;4948;11.6;Cys-rich;cdhit_meme;FAM_075
cdhit;meme;LILLLLLFLVLILLS;808;0;8682;86820;0.0930661137986639;0.0;inf;inf;0.0;0.0;True;True;0.0;True;LILLLLLFLVLILLS;True;;True;;300.0;808;;1960;4948;16.33;Hydrophobic/signal-like;cdhit_meme;FAM_093
cdhit;streme;CDADCP;944;0;8682;86820;0.1087307072103202;0.0;inf;inf;0.0;0.0;True;True;0.0;True;CDADCP;True;;True;;300.0;944;;1059;5568;16.95;Cys-rich;cdhit_streme;FAM_012
cdhit;streme;ILKFVYA;328;0;8682;86820;0.0377793135222299;0.0;inf;inf;0.0;0.0;True;True;0.0;True;ILKFVYA;True;;True;;300.0;328;;330;5568;5.89;Hydrophobic/signal-like;cdhit_streme;FAM_067
cdhit;streme;KSCCPSTTC;598;0;8682;86820;0.068878138677724;0.0;inf;inf;0.0;0.0;True;True;0.0;True;KSCCPSTTC;True;;True;;300.0;598;;643;5568;10.74;Cys-rich;cdhit_streme;FAM_085
cdhit;streme;LKKAVK;370;0;8682;86820;0.0426169085464178;0.0;inf;inf;0.0;0.0;True;True;0.0;True;LKKAVK;True;;True;;300.0;370;;438;5568;6.65;Cationic-rich;cdhit_streme;FAM_095
mmseq;meme;CINGKCKC;1282;0;13146;131460;0.0975201582230336;0.0;inf;inf;0.0;0.0;True;True;0.0;True;CINGKCKC;True;;True;;300.0;1282;;1643;7238;17.71;Cys-rich;mmseq_meme;FAM_015
mmseq;meme;CKCTKDC;1170;0;13146;131460;0.0890004564125969;0.0;inf;inf;0.0;0.0;True;True;0.0;True;CKCTKDC;True;;True;;300.0;1170;;1315;7238;16.16;Cys-rich;mmseq_meme;FAM_017
mmseq;meme;FVYVLIJFLSLF;763;0;13146;131460;0.0580404685835995;0.0;inf;inf;0.0;0.0;True;True;0.0;True;FVYVLIJFLSLF;True;;True;;300.0;763;;1157;7238;10.54;Hydrophobic/signal-like;mmseq_meme;FAM_042
mmseq;meme;PIVGKLLGGL;504;0;13146;131460;0.0383386581469648;0.0;inf;inf;0.0;0.0;True;True;0.0;True;PIVGKLLGGL;True;;True;;300.0;504;;545;7238;6.96;Gly-rich;mmseq_meme;FAM_106
mmseq;streme;CETDCDCPE;908;0;13146;131460;0.0690704396774684;0.0;inf;inf;0.0;0.0;True;True;0.0;True;CETDCDCPE;True;;True;;300.0;908;;990;8407;10.8;Cys-rich;mmseq_streme;FAM_013
mmseq;streme;MAKILKFVY;387;0;13146;131460;0.0294386125057051;0.0;inf;inf;0.0;0.0;True;True;0.0;True;MAKILKFVY;True;;True;;300.0;387;;394;8407;4.6;Hydrophobic/signal-like;mmseq_streme;FAM_067
mmseq;streme;VVAATYVL;335;0;13146;131460;0.0254830366651452;0.0;inf;inf;0.0;0.0;True;True;0.0;True;VVAATYVL;True;;True;;300.0;335;;349;8407;3.98;Hydrophobic/signal-like;mmseq_streme;FAM_133
cdhit;meme;LGLLGKLL;308;0;8682;86820;0.0354756968440451;0.0;inf;inf;1e-323;1.5e-323;True;True;3.5e-323;True;LGLLGKLL;True;;True;;300.0;308;;324;4948;6.22;Hydrophobic/signal-like;cdhit_meme;FAM_089
cdhit;streme;GGGCPFN;285;0;8682;86820;0.0328265376641326;0.0;inf;inf;2.1898583174301858e-299;1.0401827007793384e-298;True;True;6.731786679507609e-299;True;GGGCPFN;True;;True;;297.9828903732285;285;;297;5568;5.12;Gly-rich;cdhit_streme;FAM_047
mmseq;streme;QIGTCGG;272;0;13146;131460;0.0206907043967746;0.0;inf;inf;4.225662374169378e-285;1.822316898860544e-284;True;True;1.2526070609144939e-284;True;QIGTCGG;True;;True;;283.73937609747327;272;;283;8407;3.24;Gly-rich;mmseq_streme;FAM_109
cdhit;streme;MAQISK;247;0;8682;86820;0.0284496659755816;0.0;inf;inf;2.3986233934916053e-259;1.0517041033001656e-258;True;True;6.748669208806893e-259;True;MAQISK;True;;True;;257.97810643164604;247;;248;5568;4.44;Other;cdhit_streme;FAM_067
cdhit;streme;EKIGQNIRDG;223;0;8682;86820;0.0256853259617599;0.0;inf;inf;4.2969784328574185e-234;1.7494840762348058e-233;True;True;1.1145287810223926e-233;True;EKIGQNIRDG;True;;True;;232.7570900061018;223;;246;5568;4.01;Other;cdhit_streme;FAM_031
mmseq;streme;GLSGLC;213;0;13146;131460;0.0162026471930625;0.0;inf;inf;3.1714328917850414e-223;1.0420422358722278e-222;True;True;7.976634242974498e-223;True;GLSGLC;True;;True;;221.9821146779324;213;;218;8407;2.53;Gly-rich;mmseq_streme;FAM_057
cdhit;streme;VPSVIGAV;201;0;8682;86820;0.0231513476157567;0.0;inf;inf;5.7313658236509795e-211;2.1779190129873722e-210;True;True;1.3991275393030329e-210;True;VPSVIGAV;True;;True;;209.6619582737385;201;;208;5568;3.61;Hydrophobic/signal-like;cdhit_streme;FAM_132
cdhit;streme;EKLKEA;183;0;8682;86820;0.0210780926053904;0.0;inf;inf;4.591919283056214e-192;1.6358712445887764e-191;True;True;1.0889408585533303e-191;True;EKLKEA;True;;True;;190.78625088157247;183;;192;5568;3.29;Other;cdhit_streme;FAM_032
cdhit;streme;WBTFKEL;182;0;8682;86820;0.0209629117714812;0.0;inf;inf;5.149432306599036e-191;1.7265743616243826e-190;True;True;1.2039517787259718e-190;True;WBTFKEL;True;;True;;189.7628147123347;182;;187;5568;3.27;Other;cdhit_streme;FAM_137
mmseq;streme;VLNENI;174;0;13146;131460;0.0132359653126426;0.0;inf;inf;2.20527585720659e-182;6.61582757161977e-182;True;True;5.084386004115194e-182;True;VLNENI;True;;True;;181.17941582232945;174;;194;8407;2.07;Other;mmseq_streme;FAM_130
cdhit;streme;KVKLIK;173;0;8682;86820;0.019926284266298;0.0;inf;inf;1.4373151260141698e-181;4.5514978990448713e-181;True;True;3.2684152180596184e-181;True;KVKLIK;True;;True;;180.34184565340152;173;;263;5568;3.11;Cationic-rich;cdhit_streme;FAM_086
cdhit;streme;TCDLLS;165;0;8682;86820;0.0190048375950241;0.0;inf;inf;3.553458921082069e-173;1.0127357925083898e-172;True;True;7.562489498713121e-173;True;TCDLLS;True;;True;;171.99450384074223;165;;166;5568;2.96;Other;cdhit_streme;FAM_061
cdhit;streme;BGRKJCLD;163;0;8682;86820;0.0187744759272057;0.0;inf;inf;4.45104181935725e-171;1.208139922396968e-170;True;True;9.35282205080131e-171;True;BGRKJCLD;True;;True;;169.91788276438555;163;;166;5568;2.93;Other;cdhit_streme;FAM_011
cdhit;streme;RDADEEEG;158;0;8682;86820;0.0181985717576595;0.0;inf;inf;7.801450274016025e-166;2.0212848437223333e-165;True;True;1.5988157351687156e-165;True;RDADEEEG;True;;True;;164.6943724804778;158;;212;5568;2.84;Other;cdhit_streme;FAM_114
cdhit;meme;GGGSGYGK;156;0;8682;86820;0.017968210089841;0.0;inf;inf;9.75744315443622e-164;1.1479344887572024e-163;True;True;1.9752872727273325e-163;True;GGGSGYGK;True;;True;;162.94008289589542;156;;169;4948;3.15;Gly-rich;cdhit_meme;FAM_048
cdhit;streme;VYRNGVR;139;0;8682;86820;0.016010135913384;0.0;inf;inf;6.422680256954225e-146;1.5917077158538729e-145;True;True;1.269243955540954e-145;True;VYRNGVR;True;;True;;144.7981366784613;139;;141;5568;2.5;Other;cdhit_streme;FAM_136
cdhit;streme;JGAVLK;137;0;8682;86820;0.0157797742455655;0.0;inf;inf;8.00048780052758e-144;1.9001158526253002e-143;True;True;1.5624482057500916e-143;True;JGAVLK;True;;True;;142.7212199187198;137;;142;5568;2.46;Other;cdhit_streme;FAM_070
cdhit;streme;FIKHFIHR;134;0;8682;86820;0.0154342317438378;0.0;inf;inf;1.1113982907393494e-140;2.533988102885717e-140;True;True;2.0965013211674088e-140;True;FIKHFIHR;True;;True;;139.59619542846727;134;;142;5568;2.41;Other;cdhit_streme;FAM_036
cdhit;streme;YTSLIHGL;123;0;8682;86820;0.0141672425708362;0.0;inf;inf;3.679072232268213e-129;8.020522323559495e-129;True;True;6.785844339516927e-129;True;YTSLIHGL;True;;True;;128.09579734806832;123;;137;5568;2.21;Other;cdhit_streme;FAM_143
mmseq;streme;FLPMLAG;122;0;13146;131460;0.0092803894720827;0.0;inf;inf;5.341591892934761e-128;1.188934969717737e-127;True;True;9.638089719860543e-128;True;FLPMLAG;True;;True;;126.92484189901047;122;;122;8407;1.45;Hydrophobic/signal-like;mmseq_streme;FAM_041
cdhit;streme;GFSGGR;119;0;8682;86820;0.0137065192351992;0.0;inf;inf;5.667551526440157e-125;1.1537515607396034e-124;True;True;1.0008654823287935e-124;True;GFSGGR;True;;True;;123.93788769847296;119;;128;5568;2.14;Gly-rich;cdhit_streme;FAM_046
cdhit;meme;VKKYIKBGI;118;0;8682;86820;0.01359133840129;0.0;inf;inf;6.312397650606814e-124;7.013775167340904e-124;True;True;1.1030084315797168e-123;True;VKKYIKBGI;True;;True;;123.15404815991847;118;;118;4948;2.38;Other;cdhit_meme;FAM_129
mmseq;streme;GLTGGNA;108;0;13146;131460;0.0082154267457781;0.0;inf;inf;2.2674695836169344e-113;4.6016294491049545e-113;True;True;3.880411864746506e-113;True;GLTGGNA;True;;True;;112.33708835626456;108;;116;8407;1.28;Gly-rich;mmseq_streme;FAM_058
cdhit;streme;ELDQIIG;103;0;8682;86820;0.0118636258926514;0.0;inf;inf;3.137921320879552e-108;5.962050509671149e-108;True;True;5.261565043090966e-108;True;ELDQIIG;True;;True;;107.22460434900474;103;;104;5568;1.85;Other;cdhit_streme;FAM_033
cdhit;streme;QQEKNE;97;0;8682;86820;0.011172540889196;0.0;inf;inf;5.9199462183570686e-102;1.0544904201448528e-101;True;True;9.54088419657547e-102;True;QQEKNE;True;;True;;100.97695736139356;97;;100;5568;1.74;Other;cdhit_streme;FAM_111
cdhit;streme;ITAAVAL;92;0;8682;86820;0.0105966367196498;0.0;inf;inf;1.001801255533658e-96;1.7303839868308637e-96;True;True;1.5838000801770213e-96;True;ITAAVAL;True;;True;;95.76185751256062;92;;96;5568;1.65;Hydrophobic/signal-like;cdhit_streme;FAM_068
cdhit;streme;HHHHHHG;88;0;8682;86820;0.0101359133840129;0.0;inf;inf;1.5230863450436487e-92;2.480454904785371e-92;True;True;2.362919002591081e-92;True;HHHHHHG;True;;True;;91.60546866412504;88;;139;5568;1.58;Other;cdhit_streme;FAM_064
cdhit;streme;YKRKFL;88;0;8682;86820;0.0101359133840129;0.0;inf;inf;1.5230863450436487e-92;2.480454904785371e-92;True;True;2.362919002591081e-92;True;YKRKFL;True;;True;;91.60546866412504;88;;94;5568;1.58;Cationic-rich;cdhit_streme;FAM_142
cdhit;streme;EWYNQTK;85;0;8682;86820;0.0097903708822851;0.0;inf;inf;2.083046326457011e-89;3.2981566835569345e-89;True;True;3.1435062744714896e-89;True;EWYNQTK;True;;True;;88.48172871643321;85;;86;5568;1.53;Other;cdhit_streme;FAM_035
cdhit;streme;EELDKY;84;0;8682;86820;0.0096751900483759;0.0;inf;inf;2.3117017257254623e-88;3.467552588588194e-88;True;True;3.395951207702892e-88;True;EELDKY;True;;True;;87.45997694373399;84;;87;5568;1.51;Other;cdhit_streme;FAM_028
cdhit;streme;GQAASI;81;0;8682;86820;0.0093296475466482;0.0;inf;inf;3.157582351183698e-85;4.4995548504367697e-85;True;True;4.442022629631304e-85;True;GQAASI;True;;True;;84.34683044968281;81;;83;5568;1.45;Other;cdhit_streme;FAM_060
cdhit;streme;GYGGWG;77;0;8682;86820;0.0088689242110112;0.0;inf;inf;4.778322034862845e-81;6.484865618742433e-81;True;True;6.501651293337969e-81;True;GYGGWG;True;;True;;80.18809901906229;77;;176;5568;1.38;Gly-rich;cdhit_streme;FAM_062
mmseq;streme;FVGEIMNS;73;0;13146;131460;0.0055530199300167;0.0;inf;inf;7.929552255131878e-77;1.2724165246606967e-76;True;True;1.0701672149202372e-76;True;FVGEIMNS;True;;True;;75.89537069941821;73;;73;8407;0.87;Other;mmseq_streme;FAM_044
cdhit;streme;EEKREL;71;0;8682;86820;0.0081778392075558;0.0;inf;inf;8.867049809234917e-75;1.1753996258753262e-74;True;True;1.1870405389782229e-74;True;EEKREL;True;;True;;73.92981445185568;71;;81;5568;1.28;Other;cdhit_streme;FAM_027
cdhit;streme;LDVGTN;67;0;8682;86820;0.0077171158719189;0.0;inf;inf;1.3361768324917511e-70;1.7309563511824962e-70;True;True;1.7744428335490456e-70;True;LDVGTN;True;;True;;69.76171388341264;67;;67;5568;1.2;Other;cdhit_streme;FAM_087
cdhit;streme;LQLTVWG;66;0;8682;86820;0.0076019350380096;0.0;inf;inf;1.480029853594276e-69;1.8747044812194163e-69;True;True;1.9498806007670615e-69;True;LQLTVWG;True;;True;;68.72706718249134;66;;66;5568;1.19;Other;cdhit_streme;FAM_100
cdhit;streme;KQLQARIL;63;0;8682;86820;0.0072563925362819;0.0;inf;inf;2.010087677365179e-66;2.4907608176046787e-66;True;True;2.6273586963985805e-66;True;KQLQARIL;True;;True;;65.6036679748247;63;;63;5568;1.13;Other;cdhit_streme;FAM_084
cdhit;streme;SIGNLI;61;0;8682;86820;0.0070260308684634;0.0;inf;inf;2.4638570217965485e-64;2.988081920051133e-64;True;True;3.1461558893709774e-64;True;SIGNLI;True;;True;;63.52460750025072;61;;61;5568;1.1;Other;cdhit_streme;FAM_125
cdhit;streme;LGPPISLE;58;0;8682;86820;0.0066804883667357;0.0;inf;inf;3.340970145497998e-61;3.967402047778873e-61;True;True;4.2015230617626326e-61;True;LGPPISLE;True;;True;;60.40149378685018;58;;60;5568;1.04;Other;cdhit_streme;FAM_090
cdhit;streme;JEESQE;56;0;8682;86820;0.0064501266989173;0.0;inf;inf;4.090863155667552e-59;4.66358399746101e-59;True;True;5.067785700304579e-59;True;JEESQE;True;;True;;58.331280196599145;56;;56;5568;1.01;Other;cdhit_streme;FAM_069
cdhit;streme;LGTSIPD;56;0;8682;86820;0.0064501266989173;0.0;inf;inf;4.090863155667552e-59;4.66358399746101e-59;True;True;5.067785700304579e-59;True;LGTSIPD;True;;True;;58.331280196599145;56;;56;5568;1.01;Other;cdhit_streme;FAM_091
cdhit;streme;SLSVAQ;54;0;8682;86820;0.0062197650310988;0.0;inf;inf;5.006960127015812e-57;5.596014259605907e-57;True;True;6.156706526552776e-57;True;SLSVAQ;True;;True;;56.25212118752184;54;;54;5568;0.97;Other;cdhit_streme;FAM_126
cdhit;streme;AGGSRQ;48;0;8682;86820;0.0055286800276434;0.0;inf;inf;9.15699717149712e-51;1.0037477668756456e-50;True;True;1.0935694463802313e-50;True;AGGSRQ;True;;True;;49.99837540792464;48;;49;5568;0.86;Gly-rich;cdhit_streme;FAM_003
cdhit;streme;LFDLDVV;42;0;8682;86820;0.0048375950241879;0.0;inf;inf;1.6683420845461492e-44;1.7942546947005757e-44;True;True;1.9366768254172081e-44;True;LFDLDVV;True;;True;;43.74611590875462;42;;42;5568;0.75;Hydrophobic/signal-like;cdhit_streme;FAM_088
cdhit;streme;KIEEYT;39;0;8682;86820;0.0044920525224602;0.0;inf;inf;2.2487123847528567e-41;2.373640850572461e-41;True;True;2.5393622848229545e-41;True;KIEEYT;True;;True;;40.624584992379816;39;;50;5568;0.7;Other;cdhit_streme;FAM_073
cdhit;meme;FLGAJLKLAAKVLPKIICKI;738;2;8682;86820;0.0850034554250172;2.30361667818475e-05;3690.0;4032.7092145015104;0.0;0.0;True;True;0.0;True;FLGAJLKLAAKVLPKIICKI;False;3690.0;False;4032.7092145015104;300.0;736;3.56702636615906;1048;4948;14.92;Hydrophobic/signal-like;cdhit_meme;FAM_037
cdhit;streme;IJFLSLFLVV;711;2;8682;86820;0.0818935729094678;2.30361667818475e-05;3555.0;3872.010914565299;0.0;0.0;True;True;0.0;True;IJFLSLFLVV;False;3555.0;False;3872.010914565299;300.0;709;3.550839605065785;887;5568;12.77;Hydrophobic/signal-like;cdhit_streme;FAM_042
cdhit;meme;CXTDEDCPKVC;1371;6;8682;86820;0.1579129232895646;6.910850034554251e-05;2284.9999999999995;2713.3085761181783;0.0;0.0;True;True;0.0;True;CXTDEDCPKVC;False;2284.9999999999995;False;2713.3085761181783;300.0;1365;3.358886204405869;1615;4948;27.71;Cys-rich;cdhit_meme;FAM_021
mmseq;streme;ARNIYNVCR;223;1;13146;131460;0.0169633348547086;7.606876616461281e-06;2230.0;2268.463746808017;2.1435168715669602e-231;7.395133206906012e-231;True;True;5.474212318155621e-231;True;ARNIYNVCR;False;2230.0;False;2268.463746808017;230.13105399874576;222;3.3483048630481607;226;8407;2.65;Other;mmseq_streme;FAM_010
mmseq;streme;FLGLLLKLIK;1357;7;13146;131460;0.1032253156853795;5.324813631522896e-05;1938.571428571429;2161.600050894902;0.0;0.0;True;True;0.0;True;FLGLLLKLIK;False;1938.571428571429;False;2161.600050894902;300.0;1350;3.2874818076454804;1621;8407;16.14;Hydrophobic/signal-like;mmseq_streme;FAM_039
cdhit;streme;FLPLLAGL;321;2;8682;86820;0.0369730476848652;2.30361667818475e-05;1605.0;1666.5816289917475;0.0;0.0;True;True;0.0;True;FLPLLAGL;False;1605.0;False;1666.5816289917475;300.0;319;3.205475036740891;334;5568;5.77;Hydrophobic/signal-like;cdhit_streme;FAM_040
cdhit;streme;CIYGTCR;818;9;8682;86820;0.0942179221377562;0.0001036627505183;908.8888888888888;1003.325957951848;0.0;0.0;True;True;0.0;True;CIYGTCR;False;908.8888888888888;False;1003.325957951848;300.0;809;2.958510794231998;884;5568;14.69;Cys-rich;cdhit_streme;FAM_016
mmseq;streme;GYKGGY;327;4;13146;131460;0.0248744865358283;3.0427506465845125e-05;817.5;838.3281067165925;0.0;0.0;True;True;0.0;True;GYKGGY;False;817.5;False;838.3281067165925;300.0;323;2.912487761332324;475;8407;3.89;Gly-rich;mmseq_streme;FAM_063
cdhit;streme;LKKLLKKLKK;1278;17;8682;86820;0.1472011057360055;0.0001958074176457;751.7647058823529;881.353751549242;0.0;0.0;True;True;0.0;True;LKKLLKKLKK;False;751.7647058823529;False;881.353751549242;300.0;1261;2.876081932444108;2043;5568;22.95;Cationic-rich;cdhit_streme;FAM_080
mmseq;streme;FLSLFL;361;5;13146;131460;0.0274608245854252;3.8034383082306405e-05;722.0;742.3583105201408;0.0;0.0;True;True;0.0;True;FLSLFL;False;722.0;False;742.3583105201408;300.0;356;2.858537197569639;369;8407;4.29;Hydrophobic/signal-like;mmseq_streme;FAM_042
cdhit;meme;CRRRGGYCRFXPCPFCPF;1033;16;8682;86820;0.1189818014282423;0.0001842893342547;645.625;732.681821153092;0.0;0.0;True;True;0.0;True;CRRRGGYCRFXPCPFCPF;False;645.625;False;732.681821153092;300.0;1017;2.809980338863696;1575;4948;20.88;Other;cdhit_meme;FAM_019
cdhit;meme;VLSKLGBVIEEI;255;4;8682;86820;0.0293711126468555;4.6072333563695e-05;637.5;656.7604129583482;1.1450846497505154e-259;1.5267795330006871e-259;True;True;3.27731123894113e-259;True;VLSKLGBVIEEI;False;637.5;False;656.7604129583482;258.8162236705493;251;2.804480189105993;260;4948;5.15;Other;cdhit_meme;FAM_131
cdhit;streme;GCKIKGEC;305;5;8682;86820;0.0351301543423174;5.759041695461875e-05;610.0;632.1732123671959;2.53427715933523e-310;1.31321634620098e-309;True;True;7.9375473292386e-310;True;GCKIKGEC;False;610.0;False;632.1732123671959;300.0;300;2.785329835010767;312;5568;5.48;Cys-rich;cdhit_streme;FAM_045
mmseq;meme;KLKLLCKLKK;753;14;13146;131460;0.0572797809219534;0.0001064962726304;537.8571428571429;570.4766400387315;0.0;0.0;True;True;0.0;True;KLKLLCKLKK;False;537.8571428571429;False;570.4766400387315;300.0;739;2.7306669405224624;1145;7238;10.4;Cationic-rich;mmseq_meme;FAM_080
mmseq;streme;CPSDYP;316;6;13146;131460;0.0240377301080176;4.564125969876768e-05;526.6666666666666;539.6137178487919;2.1862e-319;1.160363e-318;True;True;7.11583e-319;True;CPSDYP;False;526.6666666666666;False;539.6137178487919;300.0;310;2.72153583223476;331;8407;3.76;Other;mmseq_streme;FAM_018
mmseq;streme;GGSFND;156;3;13146;131460;0.0118667275216795;2.282062984938384e-05;520.0;526.2327944572748;7.480348069262002e-158;1.9116445065891774e-157;True;True;1.4960696138524003e-157;True;GGSFND;False;520.0;False;526.2327944572748;156.7185928668617;153;2.716003343634799;159;8407;1.86;Gly-rich;mmseq_streme;FAM_050
mmseq;meme;KKKKKKKKKK;1122;22;13146;131460;0.0853491556366955;0.0001673512855621;510.0;557.496506986028;0.0;0.0;True;True;0.0;True;KKKKKKKKKK;False;510.0;False;557.496506986028;300.0;1100;2.7075701760979363;2706;7238;15.5;Cationic-rich;mmseq_meme;FAM_078
cdhit;meme;AAAAAVAGAAAG;242;5;8682;86820;0.0278737618060354;5.759041695461875e-05;484.0;497.84905213270144;2.0384291932082832e-244;2.548036491510353e-244;True;True;5.547200755288114e-244;True;AAAAAVAGAAAG;False;484.0;False;497.84905213270144;243.59379435657684;237;2.6848453616444123;516;4948;4.89;Hydrophobic/signal-like;cdhit_meme;FAM_001
mmseq;streme;KGAAKN;338;8;13146;131460;0.0257112429636391;6.085501293169025e-05;422.5;433.62328232354776;0.0;0.0;True;True;0.0;True;KGAAKN;False;422.5;False;433.62328232354776;300.0;330;2.625826713285711;389;8407;4.02;Other;mmseq_streme;FAM_072
cdhit;streme;VVAATY;82;2;8682;86820;0.0094448283805574;2.30361667818475e-05;410.0;413.8997674418605;8.233489678761738e-83;1.1446558821693149e-82;True;True;1.1389660722287068e-82;True;VVAATY;False;410.0;False;413.8997674418605;81.94132505562722;80;2.6127838567197355;84;5568;1.47;Hydrophobic/signal-like;cdhit_streme;FAM_133
mmseq;streme;KKLWKK;1877;54;13146;131460;0.1427810740909782;0.0004107713372889;347.5925925925925;405.3221423571055;0.0;0.0;True;True;0.0;True;KKLWKK;False;347.5925925925925;False;405.3221423571055;300.0;1823;2.541070512798377;3777;8407;22.33;Cationic-rich;mmseq_streme;FAM_081
cdhit;meme;GJLSGJLGAGKNJVC;605;18;8682;86820;0.0696844045150886;0.0002073255010366;336.1111111111111;361.2122900416821;0.0;0.0;True;True;0.0;True;GJLSGJLGAGKNJVC;False;336.1111111111111;False;361.2122900416821;300.0;587;2.5264828695491626;746;4948;12.23;Other;cdhit_meme;FAM_054
cdhit;meme;WKKWKKKW;684;21;8682;86820;0.0787836903939184;0.0002418797512093;325.7142857142857;353.48429964634016;0.0;0.0;True;True;0.0;True;WKKWKKKW;False;325.7142857142857;False;353.48429964634016;300.0;663;2.512836806986197;1265;4948;13.82;Cationic-rich;cdhit_meme;FAM_139
mmseq;streme;KKKKTK;495;20;13146;131460;0.0376540392514833;0.0001521375323292;247.5;257.144889732037;0.0;0.0;True;True;0.0;True;KKKKTK;False;247.5;False;257.144889732037;300.0;475;2.393575203269588;573;8407;5.89;Cationic-rich;mmseq_streme;FAM_079
mmseq;meme;FLGALLKLA;897;37;13146;131460;0.0682336832496576;0.000281454434809;242.4324324324324;260.11264239993113;0.0;0.0;True;True;0.0;True;FLGALLKLA;False;242.4324324324324;False;260.11264239993113;300.0;860;2.384590718977097;933;7238;12.39;Hydrophobic/signal-like;mmseq_meme;FAM_038
mmseq;meme;RKRRRRRR;1014;46;13146;131460;0.0771337288909174;0.0003499163243572;220.43478260869568;238.7752763084333;0.0;0.0;True;True;0.0;True;RKRRRRRR;False;220.43478260869568;False;238.7752763084333;300.0;968;2.343280123315743;2304;7238;14.01;Cationic-rich;mmseq_meme;FAM_119
mmseq;meme;WKKJLKKILK;1168;61;13146;131460;0.0888483188802677;0.0004640194736041;191.47540983606555;210.0490681002603;0.0;0.0;True;True;0.0;True;WKKJLKKILK;False;191.47540983606555;False;210.0490681002603;300.0;1107;2.2821130077656138;1626;7238;16.14;Cationic-rich;mmseq_meme;FAM_138
cdhit;meme;CWKGKGKC;1090;65;8682;86820;0.1255471089610688;0.00074867542041;167.6923076923077;191.62468590419064;0.0;0.0;True;True;0.0;True;CWKGKGKC;False;167.6923076923077;False;191.62468590419064;300.0;1025;2.224513141297768;1322;4948;22.03;Cys-rich;cdhit_meme;FAM_020
mmseq;streme;KLKCKL;515;33;13146;131460;0.0391754145747755;0.0002510269283432;156.06060606060603;162.38284595619723;0.0;0.0;True;True;0.0;True;KLKCKL;False;156.06060606060603;False;162.38284595619723;300.0;482;2.193293289163304;696;8407;6.13;Cationic-rich;mmseq_streme;FAM_083
cdhit;streme;NYWILEY;90;6;8682;86820;0.0103662750518313;6.910850034554251e-05;150.0;151.5607541899441;6.544572604907416e-86;9.565144576403148e-86;True;True;9.28546198644984e-86;True;NYWILEY;False;150.0;False;151.5607541899441;85.01930846126035;84;2.1760912590556813;90;5568;1.62;Hydrophobic/signal-like;cdhit_streme;FAM_103
mmseq;streme;ALGTNV;45;3;13146;131460;0.0034230944774075;2.282062984938384e-05;150.0;150.5117929929013;1.6770947624540422e-43;2.1833875209307343e-43;True;True;1.9333175733845213e-43;True;ALGTNV;False;150.0;False;150.5117929929013;42.660869176216806;42;2.1760912590556813;45;8407;0.54;Other;mmseq_streme;FAM_009
mmseq;streme;GHGQHG;44;3;13146;131460;0.0033470257112429;2.282062984938384e-05;146.66666666666669;147.1558540680812;1.7350000255632063e-42;2.2169444771085413e-42;True;True;1.972671261941728e-42;True;GHGQHG;False;146.66666666666669;False;147.1558540680812;41.65424518355999;41;2.1663314217665253;64;8407;0.52;Gly-rich;mmseq_streme;FAM_052
mmseq;meme;KKLEKLAKKI;845;62;13146;131460;0.0642781074090978;0.0004716263502205;136.29032258064515;145.58390217422658;0.0;0.0;True;True;0.0;True;KKLEKLAKKI;False;136.29032258064515;False;145.58390217422658;300.0;783;2.1344650194514383;1036;7238;11.67;Cationic-rich;mmseq_meme;FAM_080
cdhit;meme;KKVGKKVAKAVAK;551;44;8682;86820;0.0634646394839898;0.0005067956692006;125.22727272727272;133.64557641350163;0.0;0.0;True;True;0.0;True;KKVGKKVAKAVAK;False;125.22727272727272;False;133.64557641350163;300.0;507;2.097698922365597;791;4948;11.14;Cationic-rich;cdhit_meme;FAM_082
mmseq;meme;PRPXPPPPRPPRPPP;209;19;13146;131460;0.015898372128404;0.0001445306557127;110.0;111.76091829635928;2.0063396882618414e-192;2.5079246103273017e-192;True;True;4.826846206542981e-192;True;PRPXPPPPRPPRPPP;False;110.0;False;111.76091829635928;191.60068552278983;190;2.041392685158225;986;7238;2.89;Other;mmseq_meme;FAM_108
mmseq;meme;RWRWRW;1322;129;13146;131460;0.1005629088696181;0.0009812870835235;102.48062015503876;113.8268126317777;0.0;0.0;True;True;0.0;True;RWRWRW;False;102.48062015503876;False;113.8268126317777;300.0;1193;2.0106417448503726;2798;7238;18.26;Cationic-rich;mmseq_meme;FAM_123
mmseq;streme;GGGSSI;95;10;13146;131460;0.0072265327856382;7.606876616461281e-05;95.0;95.68423875565092;9.70045521627064e-87;1.6733285248066855e-86;True;True;1.4125224262288826e-86;True;GGGSSI;False;95.0;False;95.68423875565092;85.77641878557439;85;1.977723605288848;117;8407;1.13;Gly-rich;mmseq_streme;FAM_049
mmseq;meme;MAKILK;303;32;13146;131460;0.0230488361478776;0.0002434200517267;94.6875;96.89783345012847;3.149935654500752e-274;4.199914206001003e-274;True;True;9.173496818370611e-274;True;MAKILK;False;94.6875;False;96.89783345012847;273.37675958108804;271;1.976292650182399;304;7238;4.19;Hydrophobic/signal-like;mmseq_meme;FAM_067
cdhit;streme;AITKKC;142;15;8682;86820;0.0163556784151117;0.0001727712508638;94.66666666666669;96.22412177985947;3.799194784843972e-129;8.020522323559495e-129;True;True;6.930399277847244e-129;True;AITKKC;False;94.66666666666669;False;96.22412177985947;128.09579734806832;127;1.9761970853273756;148;5568;2.55;Other;cdhit_streme;FAM_006
mmseq;streme;AILSAI;100;11;13146;131460;0.0076068766164612;8.36756427810741e-05;90.9090909090909;91.59826069990103;8.698060558991247e-91;1.579384680448411e-90;True;True;1.3246587640298602e-90;True;AILSAI;False;90.9090909090909;False;91.59826069990103;89.80151207882706;89;1.9586073148417749;102;8407;1.19;Hydrophobic/signal-like;mmseq_streme;FAM_005
mmseq;meme;EEEEEEEEEEEEEEEZ;190;22;13146;131460;0.0144530655712764;0.0001673512855621;86.36363636363636;87.6154958039799;2.1810017556736826e-170;2.5658844184396266e-170;True;True;4.52557864302289e-170;True;EEEEEEEEEEEEEEEZ;False;86.36363636363636;False;87.6154958039799;169.59076291053492;168;1.9363309201306227;671;7238;2.63;Other;mmseq_meme;FAM_026
cdhit;streme;AKQLLES;116;14;8682;86820;0.0133609767334715;0.0001612531674729;82.85714285714286;83.96564490844202;4.638156819166103e-104;8.528223828789284e-104;True;True;7.623109227540328e-104;True;AKQLLES;False;82.85714285714286;False;83.96564490844202;103.06914140982636;102;1.9183299535486804;116;5568;2.08;Other;cdhit_streme;FAM_008
mmseq;streme;VVNDLL;61;8;13146;131460;0.0046401947360413;6.085501293169025e-05;76.25;76.60080244554834;1.0427870181855218e-54;1.5309000905276807e-54;True;True;1.2728135663146808e-54;True;VVNDLL;False;76.25;False;76.60080244554834;53.815053151266696;53;1.8822398480188236;61;8407;0.73;Hydrophobic/signal-like;mmseq_streme;FAM_135
mmseq;streme;MFTLKKSL;366;52;13146;131460;0.0278411684162482;0.0003955575840559;70.38461538461539;72.371686529433;0.0;0.0;True;True;0.0;True;MFTLKKSL;False;70.38461538461539;False;72.371686529433;300.0;314;1.8474777417596115;374;8407;4.35;Other;mmseq_streme;FAM_043
mmseq;meme;NGGKCC;463;66;13146;131460;0.0352198387342157;0.0005020538566864;70.15151515151516;72.6759298416635;0.0;0.0;True;True;0.0;True;NGGKCC;False;70.15151515151516;False;72.6759298416635;300.0;397;1.8460370554760843;489;7238;6.4;Cys-rich;mmseq_meme;FAM_101
mmseq;streme;IKAGPAV;164;25;13146;131460;0.0124752776509965;0.0001901719154115;65.60000000000001;66.41608380835002;6.19401684282983e-142;1.4737488350181322e-141;True;True;1.1818468918502896e-141;True;IKAGPAV;False;65.60000000000001;False;66.41608380835002;140.83157652520163;139;1.81690383937566;171;8407;1.95;Other;mmseq_streme;FAM_004
mmseq;streme;IIFRIL;102;16;13146;131460;0.0077590141487905;0.0001217100258633;63.75;64.24068537258509;2.184011033553408e-88;3.864019520902184e-88;True;True;3.2370163533023727e-88;True;IIFRIL;False;63.75;False;64.24068537258509;87.41296068820927;86;1.8044801891059927;120;8407;1.21;Hydrophobic/signal-like;mmseq_streme;FAM_065
mmseq;meme;WWRRWW;1454;230;13146;131460;0.110603986003347;0.001749581621786;63.21739130434783;70.95465498519984;0.0;0.0;True;True;0.0;True;WWRRWW;False;63.21739130434783;False;70.95465498519984;300.0;1224;1.800836570505426;3811;7238;20.09;Hydrophobic/signal-like;mmseq_meme;FAM_140
mmseq;streme;LQKILGG;140;24;13146;131460;0.0106496272630457;0.000182565038795;58.333333333333336;58.95048439181916;3.393462639267327e-119;7.095421882104413e-119;True;True;5.867862480399753e-119;True;LQKILGG;False;58.333333333333336;False;58.95048439181916;118.14902177700384;116;1.765916793966632;147;8407;1.67;Other;mmseq_streme;FAM_099
mmseq;streme;GKLLES;60;11;13146;131460;0.0045641259698767;8.36756427810741e-05;54.54545454545455;54.79096327789588;2.667007563210084e-51;3.755582078806037e-51;True;True;3.208139532557057e-51;True;GKLLES;False;54.54545454545455;False;54.79096327789588;50.42532274200943;49;1.7367585652254185;62;8407;0.71;Other;mmseq_streme;FAM_055
mmseq;streme;LLALLAE;101;20;13146;131460;0.0076829453826258;0.0001521375323292;50.5;50.88325028746646;2.521515774842782e-84;4.142490201527427e-84;True;True;3.517408559864721e-84;True;LLALLAE;False;50.5;False;50.88325028746646;83.38273851016936;81;1.7032913781186614;107;8407;1.2;Hydrophobic/signal-like;mmseq_streme;FAM_096
mmseq;streme;QLRRPVR;166;35;13146;131460;0.0126274151833257;0.0002662406815761;47.42857142857142;48.02234206471495;3.347071916150292e-136;7.698265407145672e-136;True;True;6.2428532368645886e-136;True;QLRRPVR;False;47.42857142857142;False;48.02234206471495;135.11360712014817;131;1.676040043689779;176;8407;1.97;Cationic-rich;mmseq_streme;FAM_110
mmseq;streme;VVGQAATI;107;25;13146;131460;0.0081393579796135;0.0001901719154115;42.8;43.143017102538536;1.4209799401789177e-86;2.391405265179154e-86;True;True;2.0511536527800032e-86;True;VVGQAATI;False;42.8;False;43.143017102538536;85.62134681890026;82;1.631443769013172;107;8407;1.27;Hydrophobic/signal-like;mmseq_streme;FAM_134
mmseq;streme;RGARRG;278;65;13146;131460;0.0211471169937623;0.0004944469800699;42.76923076923077;43.67161234786352;5.784486785986764e-223;1.8142254010594853e-222;True;True;1.4331713529459743e-222;True;RGARRG;False;42.76923076923077;False;43.67161234786352;221.74130875677145;213;1.6311314392752203;449;8407;3.31;Gly-rich;mmseq_streme;FAM_115
cdhit;streme;GIJKKI;543;130;8682;86820;0.0625431928127159;0.00149735084082;41.76923076923077;44.48918313533131;0.0;0.0;True;True;0.0;True;GIJKKI;False;41.76923076923077;False;44.48918313533131;300.0;413;1.6208564772820102;613;5568;9.75;Other;cdhit_streme;FAM_053
cdhit;meme;KKJKDFLKK;511;123;8682;86820;0.0588574061276203;0.0014167242570836;41.54471544715447;44.08031079576492;0.0;0.0;True;True;0.0;True;KKJKDFLKK;False;41.54471544715447;False;44.08031079576492;300.0;388;1.6185157886953148;677;4948;10.33;Cationic-rich;cdhit_meme;FAM_077
mmseq;streme;FTLKKS;227;57;13146;131460;0.0172676099193671;0.0004335919671382;39.82456140350877;40.50674852624246;1.34610030944023e-179;3.870038389640661e-179;True;True;3.0196304238794347e-179;True;FTLKKS;False;39.82456140350877;False;40.50674852624246;178.4122847268864;170;1.6001510015206313;243;8407;2.7;Other;mmseq_streme;FAM_043
mmseq;streme;SAAPEP;46;12;13146;131460;0.0034991632435721;9.128251939753536e-05;38.333333333333336;38.46442748091603;3.397563494502322e-37;4.1862835914403606e-37;True;True;3.7852049670294325e-37;True;SAAPEP;False;38.333333333333336;False;38.46442748091603;36.37817135458647;34;1.5835765856339492;46;8407;0.55;Other;mmseq_streme;FAM_124
mmseq;meme;EEZEEE;53;14;13146;131460;0.0040316446067244;0.0001064962726304;37.85714285714286;38.00633926525624;1.546671914567447e-42;1.546671914567447e-42;True;True;1.7706726746082497e-42;True;EEZEEE;False;37.85714285714286;False;38.00633926525624;41.81060180058904;39;1.578147833922551;171;7238;0.73;Other;mmseq_meme;FAM_030
mmseq;streme;KKJEELAKK;184;50;13146;131460;0.0139966529742887;0.000380343830823;36.8;37.308193180064805;2.340413568544969e-143;5.767447722485815e-143;True;True;4.517542469517033e-143;True;KKJEELAKK;False;36.8;False;37.308193180064805;142.23901633333722;134;1.5658478186735176;234;8407;2.19;Cationic-rich;mmseq_streme;FAM_076
mmseq;streme;TISGECH;84;23;13146;131460;0.0063897763578274;0.0001749581621786;36.52173913043478;36.75017475185237;4.3590336829190454e-66;6.835757366395777e-66;True;True;5.653121807535635e-66;True;TISGECH;False;36.52173913043478;False;36.75017475185237;65.16521336085849;61;1.5625514500442887;84;8407;1.0;Other;mmseq_streme;FAM_127
cdhit;streme;AGPAVGVI;229;64;8682;86820;0.0263764109652153;0.0007371573370191;35.78125000000001;36.723507926180055;1.977555912286492e-177;5.9326677368594745e-177;True;True;4.3769904191941025e-177;True;AGPAVGVI;False;35.78125000000001;False;36.723507926180055;176.22674997394287;165;1.5536555083560009;301;5568;4.11;Hydrophobic/signal-like;cdhit_streme;FAM_004
mmseq;streme;PFVFLR;81;24;13146;131460;0.0061615700593336;0.000182565038795;33.75;33.95304247990815;1.12945750974171e-62;1.694186264612565e-62;True;True;1.4312209665429303e-62;True;PFVFLR;False;33.75;False;33.95304247990815;61.77103884356471;57;1.5282737771670438;84;8407;0.96;Hydrophobic/signal-like;mmseq_streme;FAM_105
mmseq;streme;GTCDLLS;326;111;13146;131460;0.0247984177696637;0.0008443633044272;29.36936936936937;30.09077454990092;4.165370570911343e-240;1.5967253855160148e-239;True;True;1.1152443786633597e-239;True;GTCDLLS;False;29.36936936936937;False;30.09077454990092;238.79676977002956;215;1.4678946212812816;340;8407;3.88;Other;mmseq_streme;FAM_061
mmseq;streme;QRNMRKVR;353;126;13146;131460;0.0268522744561083;0.0009584664536741;28.015873015873016;28.76132780947914;8.34774365241234e-257;3.388201835390891e-256;True;True;2.3095424105007482e-256;True;QRNMRKVR;False;28.015873015873016;False;28.76132780947914;255.47003072662184;227;1.4474041602702596;485;8407;4.2;Cationic-rich;mmseq_streme;FAM_112
mmseq;streme;GLKKLF;246;93;13146;131460;0.0187129164764947;0.0007074395253308;26.451612903225808;26.93696924231057;2.114011269650268e-176;5.834671104234739e-176;True;True;4.6174456679203216e-176;True;GLKKLF;False;26.451612903225808;False;26.93696924231057;175.23398361976285;153;1.422452158549444;251;8407;2.93;Other;mmseq_streme;FAM_056
mmseq;meme;CGCCCGAGECRKXCC;1595;623;13146;131460;0.1213296820325574;0.0047390841320553;25.60192616372392;28.999040892417504;0.0;0.0;True;True;0.0;True;CGCCCGAGECRKXCC;False;25.60192616372392;False;28.999040892417504;300.0;972;1.4082726407340305;2847;7238;22.04;Cys-rich;mmseq_meme;FAM_014
mmseq;streme;DWAKLGTS;46;18;13146;131460;0.0034991632435721;0.0001369237790963;25.55555555555556;25.641781170483466;7.862169166606342e-34;9.35327021544548e-34;True;True;8.586316326688506e-34;True;DWAKLGTS;False;25.55555555555556;False;25.641781170483466;33.02903651873041;28;1.407485326578268;47;8407;0.55;Other;mmseq_streme;FAM_024
cdhit;streme;LLQLLK;154;62;8682;86820;0.0177378484220225;0.0007141211702372;24.83870967741936;25.269192943170125;3.917787290678351e-109;7.700478467885034e-109;True;True;6.636251941353125e-109;True;LLQLLK;False;24.83870967741936;False;25.269192943170125;108.11348228917733;92;1.3951290313382092;156;5568;2.77;Hydrophobic/signal-like;cdhit_streme;FAM_098
mmseq;streme;RRKKAAV;187;85;13146;131460;0.0142248592727825;0.0006465845123992;22.000000000000004;22.30303264140752;2.3308310804084778e-127;5.025854517130782e-127;True;True;4.1604081650301866e-127;True;RRKKAAV;False;22.000000000000004;False;22.30303264140752;126.29879008703708;102;1.3424226808222064;258;8407;2.22;Cationic-rich;mmseq_streme;FAM_121
cdhit;streme;EVGMDVVRT;22;12;8682;86820;0.0025339783460032;0.000138217000691;18.33333333333333;18.37736720554273;2.215254567481796e-15;2.2548126847582563e-15;True;True;2.327419355708722e-15;True;EVGMDVVRT;False;18.33333333333333;False;18.37736720554273;14.646889530661758;10;1.2632414347745813;22;5568;0.4;Other;cdhit_streme;FAM_034
mmseq;streme;EEEAAAP;62;35;13146;131460;0.0047162635022059;0.0002662406815761;17.71428571428571;17.793488229899115;2.691654114246832e-40;3.3768024342369342e-40;True;True;3.01901745246604e-40;True;EEEAAAP;False;17.71428571428571;False;17.793488229899115;39.4714943477835;27;1.2483236451479782;66;8407;0.74;Other;mmseq_streme;FAM_025
mmseq;streme;AKAKAAK;276;156;13146;131460;0.0209949794614331;0.0011866727521679;17.692307692307693;18.050277927201005;2.7060507645295444e-174;7.1814424135591755e-174;True;True;5.833823726128629e-174;True;AKAKAAK;False;17.692307692307693;False;18.050277927201005;173.14378831768877;120;1.247784483710756;475;8407;3.28;Cationic-rich;mmseq_streme;FAM_007
cdhit;streme;RRRRWRR;641;381;8682;86820;0.0738309145358212;0.0043883897719419;16.824146981627297;18.08559185356152;0.0;0.0;True;True;0.0;True;RRRRWRR;False;16.824146981627297;False;18.08559185356152;300.0;260;1.225933053843198;1601;5568;11.51;Cationic-rich;cdhit_streme;FAM_122
cdhit;meme;LLDTIKNVGKNVAGGL;597;383;8682;86820;0.0687629578438148;0.0044114259387237;15.587467362924285;16.66461244834986;0.0;0.0;True;True;0.0;True;LLDTIKNVGKNVAGGL;False;15.587467362924285;False;16.66461244834986;300.0;214;1.1927755571607463;838;4948;12.07;Other;cdhit_meme;FAM_097
cdhit;streme;EEVEKRS;152;106;8682;86820;0.0175074867542041;0.0012209168394379;14.339622641509436;14.577327523280765;2.9845011726965826e-89;4.59774504982987e-89;True;True;4.463308060068764e-89;True;EEVEKRS;False;14.339622641509436;False;14.577327523280765;88.33745511451995;46;1.1565377226800024;153;5568;2.73;Other;cdhit_streme;FAM_029
mmseq;streme;QWAVGHL;89;63;13146;131460;0.0067701201886505;0.000479233226837;14.126984126984128;14.21646115748896;1.7406271188585594e-52;2.502151483359179e-52;True;True;2.109081034529349e-52;True;QWAVGHL;False;14.126984126984128;False;14.21646115748896;51.60168640111922;26;1.1500494571913311;89;8407;1.06;Other;mmseq_streme;FAM_113
mmseq;streme;PRPRPPPR;612;443;13146;131460;0.046554084892743;0.0033698463410923;13.81489841986456;14.440613900394087;0.0;0.0;True;True;0.0;True;PRPRPPPR;False;13.81489841986456;False;14.440613900394087;300.0;169;1.1403476959224916;1294;8407;7.28;Cationic-rich;mmseq_streme;FAM_108
mmseq;streme;YGNGVY;174;128;13146;131460;0.0132359653126426;0.000973680206907;13.59375;13.762676341350602;1.557977427853826e-99;2.9054173654571347e-99;True;True;2.4867716636897607e-99;True;YGNGVY;False;13.59375;False;13.762676341350602;98.53679147205324;46;1.1333392786347314;175;8407;2.07;Gly-rich;mmseq_streme;FAM_141
mmseq;streme;RLRLLLRL;194;166;13146;131460;0.0147573406359348;0.0012627415183325;11.686746987951809;11.846817163651515;1.535868797018097e-103;2.94374852761802e-103;True;True;2.4995511794608253e-103;True;RLRLLLRL;False;11.686746987951809;False;11.846817163651515;102.53109929274912;28;1.067693641890171;327;8407;2.31;Cationic-rich;mmseq_streme;FAM_120
mmseq;streme;RIRVAVIR;452;394;13146;131460;0.0343830823064049;0.0029971093868857;11.472081218274113;11.84496452618808;4.780324478622879e-238;1.7360125738156778e-237;True;True;1.2595775610339648e-237;True;RIRVAVIR;False;11.472081218274113;False;11.84496452618808;236.76044713358408;58;1.059642212985808;522;8407;5.38;Cationic-rich;mmseq_streme;FAM_118
mmseq;streme;AGGSRPQ;36;32;13146;131460;0.002738475581926;0.0002434200517267;11.25;11.278146453089246;4.096248874041939e-20;4.558728585627319e-20;True;True;4.3310656884774644e-20;True;AGGSRPQ;False;11.25;False;11.278146453089246;19.341156263747425;4;1.0511525224473812;37;8407;0.43;Other;mmseq_streme;FAM_003
cdhit;streme;NVDAYVKC;72;71;8682;86820;0.0082930200414651;0.0008177839207555;10.140845070422536;10.217284192962651;7.936737826472983e-37;8.225346474708364e-37;True;True;8.783323194630102e-37;True;NVDAYVKC;False;10.140845070422536;False;10.217284192962651;36.08484579928866;1;1.0060741477121933;72;5568;1.29;Other;cdhit_streme;FAM_102
mmseq;streme;PFKISIH;90;89;13146;131460;0.0068461889548151;0.000677012018865;10.112359550561798;10.175174529081296;1.5681591917854006e-45;2.0808266198690888e-45;True;True;1.833200181946313e-45;True;PFKISIH;False;10.112359550561798;False;10.175174529081296;44.68176410487778;1;1.0048525027944122;90;8407;1.07;Other;mmseq_streme;FAM_104
mmseq;streme;AAFAAWAAF;135;144;13146;131460;0.0102692834322227;0.0010953902327704;9.375;9.461897625086465;7.68175453865487e-65;1.1778690292604134e-64;True;True;9.885048476098517e-65;True;AAFAAWAAF;False;9.375;False;9.461897625086465;63.92890299735171;-9;0.9719712763997564;302;8407;1.61;Hydrophobic/signal-like;mmseq_streme;FAM_002
mmseq;meme;GGYGGYGGGGGGGGGGGG;192;207;13146;131460;0.0146052031036056;0.0015746234596074;9.27536231884058;9.398017063723811;4.8119368460463773e-91;5.346596495607087e-91;True;True;7.396125152256471e-91;True;GGYGGYGGGGGGGGGGGG;False;9.27536231884058;False;9.398017063723811;90.27192259060392;-15;0.967330883246632;877;7238;2.65;Gly-rich;mmseq_meme;FAM_051
mmseq;streme;RIGQRIRD;623;700;13146;131460;0.0473908413205537;0.0053248136315228;8.9;9.293012856344326;1.7299077286891147e-287;7.957575551969927e-287;True;True;5.2211760538616915e-287;True;RIGQRIRD;False;8.9;False;9.293012856344326;286.09921922934564;-77;0.9493900066449128;782;8407;7.41;Cationic-rich;mmseq_streme;FAM_116
cdhit;meme;KEKKREKERKERKR;190;223;8682;86820;0.0218843584427551;0.0025685325961759;8.520179372197308;8.688435858386368;4.6090900215239536e-86;4.85167370686732e-86;True;True;6.595766754939451e-86;True;KEKKREKERKERKR;False;8.520179372197308;False;8.688435858386368;85.31410841474529;-33;0.9304487379046682;490;4948;3.84;Cationic-rich;cdhit_meme;FAM_071
mmseq;streme;KILGRK;110;130;13146;131460;0.0083675642781074;0.0009888939601399;8.461538461538462;8.524500200627847;3.7750972983977432e-50;5.209634271788885e-50;True;True;4.476186796671609e-50;True;KILGRK;False;8.461538461538462;False;8.524500200627847;49.28319276409377;-20;0.9274493328513884;116;8407;1.31;Cationic-rich;mmseq_streme;FAM_074
mmseq;meme;RVAVIRA;186;226;13146;131460;0.0141487905066179;0.0017191541153202;8.230088495575222;8.333853654539496;2.3809289471209927e-82;2.5062409969694663e-82;True;True;3.2663983902651635e-82;True;RVAVIRA;False;8.230088495575222;False;8.333853654539496;81.60097717012492;-40;0.9154045050705154;186;7238;2.57;Hydrophobic/signal-like;mmseq_meme;FAM_118
mmseq;streme;LKEVSEZE;53;78;13146;131460;0.0040316446067244;0.0005933363760839;6.794871794871795;6.818329230534226;7.207557180749804e-22;8.152810581503876e-22;True;True;7.669580076951712e-22;True;LKEVSEZE;False;6.794871794871795;False;6.818329230534226;21.088692647748736;-25;0.8321812669103086;53;8407;0.63;Other;mmseq_streme;FAM_094
mmseq;streme;LIIVGG;66;112;13146;131460;0.0050205385668644;0.0008519701810436;5.892857142857143;5.917545871559633;2.6921439992257358e-24;3.1484395923148435e-24;True;True;2.901921453710858e-24;True;LIIVGG;False;5.892857142857143;False;5.917545871559633;23.5019046348936;-46;0.7703259128716871;70;8407;0.79;Gly-rich;mmseq_streme;FAM_092
mmseq;streme;IKDFLR;100;170;13146;131460;0.0076068766164612;0.0012931690247984;5.882352941176471;5.919777078392295;6.21909825749646e-36;7.528382101179926e-36;True;True;6.836889475128559e-36;True;IKDFLR;False;5.882352941176471;False;5.919777078392295;35.1232983465119;-70;0.7695510786217261;103;8407;1.19;Other;mmseq_streme;FAM_066
mmseq;streme;RIRARI;323;578;13146;131460;0.0245702114711699;0.0043967746843146;5.588235294117647;5.703808872843374;3.219185742689314e-108;6.3463947498732194e-108;True;True;5.343848332864261e-108;True;RIRARI;False;5.588235294117647;False;5.703808872843374;107.19747291799676;-255;0.7472746839105738;452;8407;3.84;Cationic-rich;mmseq_streme;FAM_117
mmseq;streme;ALKAIAKAAKKLL;951;1733;13146;131460;0.0723413966225467;0.0131827171763274;5.487593768032314;5.8375488048013775;3.6274727e-316;1.78782583e-315;True;True;1.158000903e-315;True;ALKAIAKAAKKLL;False;5.487593768032314;False;5.8375488048013775;300.0;-782;0.739381954223497;1596;8407;11.31;Hydrophobic/signal-like;mmseq_streme;FAM_007
mmseq;streme;DEGEMTEEEKK;171;373;13146;131460;0.0130077590141487;0.00283736497794;4.584450402144772;4.631690557733732;9.155284293571425e-49;1.2386561103067224e-48;True;True;1.0778561650587634e-48;True;DEGEMTEEEKK;False;4.584450402144772;False;4.631690557733732;47.90704925062659;-202;0.6612872785834663;277;8407;2.03;Other;mmseq_streme;FAM_022
cdhit;meme;DPEEPVVR;96;211;8682;86820;0.0110573600552868;0.0024303155954849;4.549763033175355;4.589452906362501;6.1949026434348995e-28;6.1949026434348995e-28;True;True;6.7212669203280585e-28;True;DPEEPVVR;False;4.549763033175355;False;4.589452906362501;27.20796551442936;-115;0.6579887777418757;112;4948;1.94;Other;cdhit_meme;FAM_023
mmseq;streme;PPGFTPF;96;246;13146;131460;0.0073026015518028;0.0018712916476494;3.902439024390244;3.923790299971965;5.5415155529105516e-24;6.3727428858471334e-24;True;True;5.934784398600978e-24;True;PPGFTPF;False;3.902439024390244;False;3.923790299971965;23.19567360317561;-150;0.5913361259361893;97;8407;1.14;Other;mmseq_streme;FAM_107
cdhit;streme;GNVTLL;37;95;8682;86820;0.0042616908546417;0.0010942179221377;3.894736842105263;3.907126114882348;3.454079461935945e-10;3.454079461935945e-10;True;True;3.539365374576339e-10;True;GNVTLL;False;3.894736842105263;False;3.907126114882348;9.461667675603724;-58;0.5904781187781472;37;5568;0.66;Other;cdhit_streme;FAM_059
mmseq;streme;VAPFPE;42;129;13146;131460;0.0031948881789137;0.0009812870835235;3.255813953488372;3.2630441264162195;2.047955077482519e-09;2.141043944640815e-09;True;True;2.085647502221461e-09;True;VAPFPE;False;3.255813953488372;False;3.2630441264162195;8.669374418777885;-87;0.5126595800986515;43;8407;0.5;Other;mmseq_streme;FAM_128
