Clustering,Tool,Motif,AMP_sequences_with_hit,nonAMP_sequences_with_hit,Total_AMP_sequences,Total_nonAMP_sequences,AMP_hit_rate,nonAMP_hit_rate,Enrichment_ratio,ER_is_infinite,Fisher_oddsratio,Fisher_pvalue,FDR_corrected,Significant_Fisher,Significant_FDR
mmseq,streme,CETDCDCPE,908,0,13146,131460,0.06907,0.0,inf,True,inf,0.0,0.0,True,True
mmseq,streme,MAKILKFVY,387,0,13146,131460,0.029439,0.0,inf,True,inf,0.0,0.0,True,True
mmseq,streme,VVAATYVL,335,0,13146,131460,0.025483,0.0,inf,True,inf,0.0,0.0,True,True
mmseq,streme,QIGTCGG,272,0,13146,131460,0.020691,0.0,inf,True,inf,4.225662374169378e-285,1.822316898860544e-284,True,True
mmseq,streme,GLSGLC,213,0,13146,131460,0.016203,0.0,inf,True,inf,3.1714328917850414e-223,1.0420422358722278e-222,True,True
mmseq,streme,VLNENI,174,0,13146,131460,0.013236,0.0,inf,True,inf,2.20527585720659e-182,6.61582757161977e-182,True,True
mmseq,streme,FLPMLAG,122,0,13146,131460,0.00928,0.0,inf,True,inf,5.341591892934761e-128,1.188934969717737e-127,True,True
mmseq,streme,GLTGGNA,108,0,13146,131460,0.008215,0.0,inf,True,inf,2.2674695836169344e-113,4.6016294491049545e-113,True,True
mmseq,streme,FVGEIMNS,73,0,13146,131460,0.005553,0.0,inf,True,inf,7.929552255131878e-77,1.2724165246606967e-76,True,True
mmseq,streme,ARNIYNVCR,223,1,13146,131460,0.016963,8e-06,2230.0,False,2268.463746808017,2.1435168715669602e-231,7.395133206906012e-231,True,True
mmseq,streme,FLGLLLKLIK,1357,7,13146,131460,0.103225,5.3e-05,1938.5714285714287,False,2161.600050894902,0.0,0.0,True,True
mmseq,streme,GYKGGY,327,4,13146,131460,0.024874,3e-05,817.5,False,838.3281067165925,0.0,0.0,True,True
mmseq,streme,FLSLFL,361,5,13146,131460,0.027461,3.8e-05,722.0,False,742.3583105201408,0.0,0.0,True,True
mmseq,streme,CPSDYP,316,6,13146,131460,0.024038,4.6e-05,526.6666666666666,False,539.6137178487919,2.1862e-319,1.160363e-318,True,True
mmseq,streme,GGSFND,156,3,13146,131460,0.011867,2.3e-05,520.0,False,526.2327944572748,7.480348069262002e-158,1.911644506589178e-157,True,True
mmseq,streme,KGAAKN,338,8,13146,131460,0.025711,6.1e-05,422.5,False,433.62328232354776,0.0,0.0,True,True
mmseq,streme,KKLWKK,1877,54,13146,131460,0.142781,0.000411,347.59259259259255,False,405.3221423571055,0.0,0.0,True,True
mmseq,streme,KKKKTK,495,20,13146,131460,0.037654,0.000152,247.5,False,257.144889732037,0.0,0.0,True,True
mmseq,streme,KLKCKL,515,33,13146,131460,0.039175,0.000251,156.06060606060603,False,162.38284595619723,0.0,0.0,True,True
mmseq,streme,ALGTNV,45,3,13146,131460,0.003423,2.3e-05,150.0,False,150.5117929929013,1.6770947624540422e-43,2.1833875209307343e-43,True,True
mmseq,streme,GHGQHG,44,3,13146,131460,0.003347,2.3e-05,146.66666666666669,False,147.1558540680812,1.7350000255632063e-42,2.2169444771085413e-42,True,True
mmseq,streme,GGGSSI,95,10,13146,131460,0.007227,7.6e-05,95.0,False,95.68423875565091,9.70045521627064e-87,1.6733285248066855e-86,True,True
mmseq,streme,AILSAI,100,11,13146,131460,0.007607,8.4e-05,90.9090909090909,False,91.59826069990105,8.698060558991249e-91,1.579384680448411e-90,True,True
mmseq,streme,VVNDLL,61,8,13146,131460,0.00464,6.1e-05,76.25,False,76.60080244554834,1.0427870181855218e-54,1.5309000905276807e-54,True,True
mmseq,streme,MFTLKKSL,366,52,13146,131460,0.027841,0.000396,70.38461538461539,False,72.371686529433,0.0,0.0,True,True
mmseq,streme,IKAGPAV,164,25,13146,131460,0.012475,0.00019,65.60000000000001,False,66.41608380835002,6.19401684282983e-142,1.4737488350181322e-141,True,True
mmseq,streme,IIFRIL,102,16,13146,131460,0.007759,0.000122,63.75,False,64.24068537258509,2.184011033553408e-88,3.8640195209021836e-88,True,True
mmseq,streme,LQKILGG,140,24,13146,131460,0.01065,0.000183,58.333333333333336,False,58.95048439181916,3.393462639267327e-119,7.095421882104411e-119,True,True
mmseq,streme,GKLLES,60,11,13146,131460,0.004564,8.4e-05,54.54545454545455,False,54.79096327789588,2.6670075632100838e-51,3.7555820788060364e-51,True,True
mmseq,streme,LLALLAE,101,20,13146,131460,0.007683,0.000152,50.5,False,50.88325028746646,2.521515774842782e-84,4.142490201527427e-84,True,True
mmseq,streme,QLRRPVR,166,35,13146,131460,0.012627,0.000266,47.42857142857142,False,48.02234206471495,3.347071916150292e-136,7.698265407145672e-136,True,True
mmseq,streme,VVGQAATI,107,25,13146,131460,0.008139,0.00019,42.8,False,43.143017102538536,1.4209799401789175e-86,2.391405265179154e-86,True,True
mmseq,streme,RGARRG,278,65,13146,131460,0.021147,0.000494,42.769230769230774,False,43.671612347863515,5.784486785986764e-223,1.8142254010594853e-222,True,True
mmseq,streme,FTLKKS,227,57,13146,131460,0.017268,0.000434,39.824561403508774,False,40.50674852624246,1.34610030944023e-179,3.870038389640661e-179,True,True
mmseq,streme,SAAPEP,46,12,13146,131460,0.003499,9.1e-05,38.333333333333336,False,38.46442748091603,3.397563494502322e-37,4.1862835914403606e-37,True,True
mmseq,streme,KKJEELAKK,184,50,13146,131460,0.013997,0.00038,36.800000000000004,False,37.308193180064805,2.3404135685449687e-143,5.767447722485815e-143,True,True
mmseq,streme,TISGECH,84,23,13146,131460,0.00639,0.000175,36.52173913043478,False,36.75017475185237,4.3590336829190444e-66,6.835757366395775e-66,True,True
mmseq,streme,PFVFLR,81,24,13146,131460,0.006162,0.000183,33.75,False,33.95304247990815,1.1294575097417101e-62,1.6941862646125653e-62,True,True
mmseq,streme,GTCDLLS,326,111,13146,131460,0.024798,0.000844,29.36936936936937,False,30.090774549900914,4.165370570911343e-240,1.5967253855160148e-239,True,True
mmseq,streme,QRNMRKVR,353,126,13146,131460,0.026852,0.000958,28.015873015873016,False,28.76132780947914,8.34774365241234e-257,3.388201835390891e-256,True,True
mmseq,streme,GLKKLF,246,93,13146,131460,0.018713,0.000707,26.451612903225808,False,26.936969242310578,2.1140112696502676e-176,5.834671104234739e-176,True,True
mmseq,streme,DWAKLGTS,46,18,13146,131460,0.003499,0.000137,25.555555555555557,False,25.641781170483462,7.862169166606342e-34,9.353270215445478e-34,True,True
mmseq,streme,RRKKAAV,187,85,13146,131460,0.014225,0.000647,22.000000000000004,False,22.303032641407516,2.3308310804084786e-127,5.025854517130782e-127,True,True
mmseq,streme,EEEAAAP,62,35,13146,131460,0.004716,0.000266,17.71428571428571,False,17.793488229899115,2.691654114246832e-40,3.3768024342369346e-40,True,True
mmseq,streme,AKAKAAK,276,156,13146,131460,0.020995,0.001187,17.692307692307693,False,18.050277927201005,2.7060507645295444e-174,7.1814424135591755e-174,True,True
mmseq,streme,QWAVGHL,89,63,13146,131460,0.00677,0.000479,14.126984126984127,False,14.21646115748896,1.7406271188585594e-52,2.502151483359179e-52,True,True
mmseq,streme,PRPRPPPR,612,443,13146,131460,0.046554,0.00337,13.81489841986456,False,14.440613900394089,0.0,0.0,True,True
mmseq,streme,YGNGVY,174,128,13146,131460,0.013236,0.000974,13.59375,False,13.762676341350602,1.557977427853826e-99,2.9054173654571347e-99,True,True
mmseq,streme,RLRLLLRL,194,166,13146,131460,0.014757,0.001263,11.686746987951809,False,11.846817163651517,1.535868797018097e-103,2.9437485276180194e-103,True,True
mmseq,streme,RIRVAVIR,452,394,13146,131460,0.034383,0.002997,11.472081218274111,False,11.844964526188079,4.78032447862288e-238,1.7360125738156775e-237,True,True
mmseq,streme,AGGSRPQ,36,32,13146,131460,0.002738,0.000243,11.25,False,11.278146453089246,4.096248874041939e-20,4.558728585627319e-20,True,True
mmseq,streme,PFKISIH,90,89,13146,131460,0.006846,0.000677,10.112359550561798,False,10.175174529081296,1.5681591917854003e-45,2.0808266198690888e-45,True,True
mmseq,streme,AAFAAWAAF,135,144,13146,131460,0.010269,0.001095,9.375,False,9.461897625086465,7.68175453865487e-65,1.1778690292604134e-64,True,True
mmseq,streme,RIGQRIRD,623,700,13146,131460,0.047391,0.005325,8.9,False,9.293012856344326,1.7299077286891147e-287,7.957575551969928e-287,True,True
mmseq,streme,KILGRK,110,130,13146,131460,0.008368,0.000989,8.461538461538462,False,8.524500200627847,3.775097298397743e-50,5.209634271788885e-50,True,True
mmseq,streme,LKEVSEZE,53,78,13146,131460,0.004032,0.000593,6.794871794871795,False,6.818329230534226,7.207557180749802e-22,8.152810581503874e-22,True,True
mmseq,streme,LIIVGG,66,112,13146,131460,0.005021,0.000852,5.892857142857143,False,5.917545871559633,2.6921439992257358e-24,3.1484395923148435e-24,True,True
mmseq,streme,IKDFLR,100,170,13146,131460,0.007607,0.001293,5.882352941176471,False,5.919777078392295,6.21909825749646e-36,7.528382101179926e-36,True,True
mmseq,streme,RIRARI,323,578,13146,131460,0.02457,0.004397,5.588235294117647,False,5.703808872843374,3.219185742689314e-108,6.346394749873219e-108,True,True
mmseq,streme,ALKAIAKAAKKLL,951,1733,13146,131460,0.072341,0.013183,5.487593768032314,False,5.8375488048013775,3.6274727e-316,1.78782583e-315,True,True
mmseq,streme,DEGEMTEEEKK,171,373,13146,131460,0.013008,0.002837,4.584450402144772,False,4.631690557733732,9.155284293571425e-49,1.2386561103067223e-48,True,True
mmseq,streme,PPGFTPF,96,246,13146,131460,0.007303,0.001871,3.9024390243902443,False,3.9237902999719654,5.541515552910551e-24,6.3727428858471334e-24,True,True
mmseq,streme,VAPFPE,42,129,13146,131460,0.003195,0.000981,3.2558139534883717,False,3.2630441264162195,2.047955077482519e-09,2.141043944640815e-09,True,True
mmseq,streme,FALVCQ,148,802,13146,131460,0.011258,0.006101,1.8453865336658355,False,1.8550124151077914,1.5383353793145773e-10,1.633002171887782e-10,True,True
mmseq,streme,GLLSRL,324,1991,13146,131460,0.024646,0.015145,1.6273229532898041,False,1.6431748201487884,1.0625982036416139e-14,1.1637980325598628e-14,True,True
mmseq,streme,LIVHQRLF,96,656,13146,131460,0.007303,0.00499,1.4634146341463414,False,1.4668236613400616,0.0009037273120024092,0.0009307042466890483,True,True
