Clustering,Tool,Motif,AMP_sequences_with_hit,nonAMP_sequences_with_hit,Total_AMP_sequences,Total_nonAMP_sequences,AMP_hit_rate,nonAMP_hit_rate,Enrichment_ratio,Fisher_oddsratio,Fisher_pvalue,FDR_corrected,Significant_Fisher,Significant_FDR,FDR_corrected_global,Significant_FDR_global
cdhit,meme,CKJTKTC,471,0,8682,86820,0.05425,0.0,inf,inf,0.0,0.0,True,True,0.0,True
cdhit,meme,KCINGVCC,1216,0,8682,86820,0.14006,0.0,inf,inf,0.0,0.0,True,True,0.0,True
cdhit,meme,KKCCRK,574,0,8682,86820,0.066114,0.0,inf,inf,0.0,0.0,True,True,0.0,True
cdhit,meme,LILLLLLFLVLILLS,808,0,8682,86820,0.093066,0.0,inf,inf,0.0,0.0,True,True,0.0,True
cdhit,streme,CDADCP,944,0,8682,86820,0.108731,0.0,inf,inf,0.0,0.0,True,True,0.0,True
cdhit,streme,ILKFVYA,328,0,8682,86820,0.037779,0.0,inf,inf,0.0,0.0,True,True,0.0,True
cdhit,streme,KSCCPSTTC,598,0,8682,86820,0.068878,0.0,inf,inf,0.0,0.0,True,True,0.0,True
cdhit,streme,LKKAVK,370,0,8682,86820,0.042617,0.0,inf,inf,0.0,0.0,True,True,0.0,True
mmseq,meme,CINGKCKC,1282,0,13146,131460,0.09752,0.0,inf,inf,0.0,0.0,True,True,0.0,True
mmseq,meme,CKCTKDC,1170,0,13146,131460,0.089,0.0,inf,inf,0.0,0.0,True,True,0.0,True
mmseq,meme,FVYVLIJFLSLF,763,0,13146,131460,0.05804,0.0,inf,inf,0.0,0.0,True,True,0.0,True
mmseq,meme,PIVGKLLGGL,504,0,13146,131460,0.038339,0.0,inf,inf,0.0,0.0,True,True,0.0,True
mmseq,streme,CETDCDCPE,908,0,13146,131460,0.06907,0.0,inf,inf,0.0,0.0,True,True,0.0,True
mmseq,streme,MAKILKFVY,387,0,13146,131460,0.029439,0.0,inf,inf,0.0,0.0,True,True,0.0,True
mmseq,streme,VVAATYVL,335,0,13146,131460,0.025483,0.0,inf,inf,0.0,0.0,True,True,0.0,True
cdhit,meme,LGLLGKLL,308,0,8682,86820,0.035476,0.0,inf,inf,1e-323,1.5e-323,True,True,3.5e-323,True
cdhit,streme,GGGCPFN,285,0,8682,86820,0.032827,0.0,inf,inf,2.189858317430186e-299,1.0401827007793384e-298,True,True,6.731786679507609e-299,True
mmseq,streme,QIGTCGG,272,0,13146,131460,0.020691,0.0,inf,inf,4.225662374169378e-285,1.822316898860544e-284,True,True,1.2526070609144942e-284,True
cdhit,streme,MAQISK,247,0,8682,86820,0.02845,0.0,inf,inf,2.3986233934916055e-259,1.0517041033001656e-258,True,True,6.748669208806891e-259,True
cdhit,streme,EKIGQNIRDG,223,0,8682,86820,0.025685,0.0,inf,inf,4.2969784328574174e-234,1.7494840762348058e-233,True,True,1.1145287810223926e-233,True
mmseq,streme,GLSGLC,213,0,13146,131460,0.016203,0.0,inf,inf,3.1714328917850414e-223,1.0420422358722278e-222,True,True,7.976634242974498e-223,True
cdhit,streme,VPSVIGAV,201,0,8682,86820,0.023151,0.0,inf,inf,5.731365823650978e-211,2.1779190129873716e-210,True,True,1.3991275393030329e-210,True
cdhit,streme,EKLKEA,183,0,8682,86820,0.021078,0.0,inf,inf,4.591919283056214e-192,1.6358712445887764e-191,True,True,1.0889408585533306e-191,True
cdhit,streme,WBTFKEL,182,0,8682,86820,0.020963,0.0,inf,inf,5.149432306599036e-191,1.7265743616243826e-190,True,True,1.2039517787259718e-190,True
mmseq,streme,VLNENI,174,0,13146,131460,0.013236,0.0,inf,inf,2.20527585720659e-182,6.61582757161977e-182,True,True,5.084386004115194e-182,True
cdhit,streme,KVKLIK,173,0,8682,86820,0.019926,0.0,inf,inf,1.4373151260141695e-181,4.5514978990448703e-181,True,True,3.2684152180596184e-181,True
cdhit,streme,TCDLLS,165,0,8682,86820,0.019005,0.0,inf,inf,3.553458921082069e-173,1.0127357925083898e-172,True,True,7.562489498713121e-173,True
cdhit,streme,BGRKJCLD,163,0,8682,86820,0.018774,0.0,inf,inf,4.45104181935725e-171,1.2081399223969679e-170,True,True,9.35282205080131e-171,True
cdhit,streme,RDADEEEG,158,0,8682,86820,0.018199,0.0,inf,inf,7.801450274016023e-166,2.0212848437223333e-165,True,True,1.5988157351687156e-165,True
cdhit,meme,GGGSGYGK,156,0,8682,86820,0.017968,0.0,inf,inf,9.75744315443622e-164,1.1479344887572024e-163,True,True,1.9752872727273325e-163,True
cdhit,streme,VYRNGVR,139,0,8682,86820,0.01601,0.0,inf,inf,6.422680256954225e-146,1.5917077158538733e-145,True,True,1.269243955540954e-145,True
cdhit,streme,JGAVLK,137,0,8682,86820,0.01578,0.0,inf,inf,8.000487800527579e-144,1.9001158526253002e-143,True,True,1.5624482057500916e-143,True
cdhit,streme,FIKHFIHR,134,0,8682,86820,0.015434,0.0,inf,inf,1.1113982907393494e-140,2.533988102885717e-140,True,True,2.0965013211674088e-140,True
cdhit,streme,YTSLIHGL,123,0,8682,86820,0.014167,0.0,inf,inf,3.679072232268213e-129,8.020522323559495e-129,True,True,6.785844339516927e-129,True
mmseq,streme,FLPMLAG,122,0,13146,131460,0.00928,0.0,inf,inf,5.341591892934761e-128,1.188934969717737e-127,True,True,9.638089719860545e-128,True
cdhit,streme,GFSGGR,119,0,8682,86820,0.013707,0.0,inf,inf,5.667551526440157e-125,1.1537515607396034e-124,True,True,1.0008654823287935e-124,True
cdhit,meme,VKKYIKBGI,118,0,8682,86820,0.013591,0.0,inf,inf,6.312397650606814e-124,7.013775167340904e-124,True,True,1.1030084315797168e-123,True
mmseq,streme,GLTGGNA,108,0,13146,131460,0.008215,0.0,inf,inf,2.2674695836169344e-113,4.6016294491049545e-113,True,True,3.880411864746506e-113,True
cdhit,streme,ELDQIIG,103,0,8682,86820,0.011864,0.0,inf,inf,3.137921320879552e-108,5.962050509671149e-108,True,True,5.261565043090966e-108,True
cdhit,streme,QQEKNE,97,0,8682,86820,0.011173,0.0,inf,inf,5.9199462183570686e-102,1.0544904201448529e-101,True,True,9.54088419657547e-102,True
cdhit,streme,ITAAVAL,92,0,8682,86820,0.010597,0.0,inf,inf,1.001801255533658e-96,1.7303839868308637e-96,True,True,1.5838000801770213e-96,True
cdhit,streme,HHHHHHG,88,0,8682,86820,0.010136,0.0,inf,inf,1.5230863450436489e-92,2.480454904785371e-92,True,True,2.3629190025910813e-92,True
cdhit,streme,YKRKFL,88,0,8682,86820,0.010136,0.0,inf,inf,1.5230863450436489e-92,2.480454904785371e-92,True,True,2.3629190025910813e-92,True
cdhit,streme,EWYNQTK,85,0,8682,86820,0.00979,0.0,inf,inf,2.083046326457011e-89,3.2981566835569345e-89,True,True,3.1435062744714896e-89,True
cdhit,streme,EELDKY,84,0,8682,86820,0.009675,0.0,inf,inf,2.3117017257254626e-88,3.467552588588194e-88,True,True,3.395951207702892e-88,True
cdhit,streme,GQAASI,81,0,8682,86820,0.00933,0.0,inf,inf,3.157582351183698e-85,4.4995548504367697e-85,True,True,4.442022629631304e-85,True
cdhit,streme,GYGGWG,77,0,8682,86820,0.008869,0.0,inf,inf,4.778322034862845e-81,6.484865618742433e-81,True,True,6.501651293337969e-81,True
mmseq,streme,FVGEIMNS,73,0,13146,131460,0.005553,0.0,inf,inf,7.929552255131878e-77,1.2724165246606967e-76,True,True,1.0701672149202372e-76,True
cdhit,streme,EEKREL,71,0,8682,86820,0.008178,0.0,inf,inf,8.867049809234917e-75,1.1753996258753262e-74,True,True,1.1870405389782229e-74,True
cdhit,streme,LDVGTN,67,0,8682,86820,0.007717,0.0,inf,inf,1.3361768324917513e-70,1.7309563511824962e-70,True,True,1.7744428335490456e-70,True
cdhit,streme,LQLTVWG,66,0,8682,86820,0.007602,0.0,inf,inf,1.480029853594276e-69,1.8747044812194163e-69,True,True,1.949880600767062e-69,True
cdhit,streme,KQLQARIL,63,0,8682,86820,0.007256,0.0,inf,inf,2.010087677365179e-66,2.4907608176046787e-66,True,True,2.6273586963985805e-66,True
cdhit,streme,SIGNLI,61,0,8682,86820,0.007026,0.0,inf,inf,2.4638570217965485e-64,2.9880819200511334e-64,True,True,3.1461558893709774e-64,True
cdhit,streme,LGPPISLE,58,0,8682,86820,0.00668,0.0,inf,inf,3.340970145497998e-61,3.967402047778873e-61,True,True,4.201523061762633e-61,True
cdhit,streme,JEESQE,56,0,8682,86820,0.00645,0.0,inf,inf,4.090863155667552e-59,4.66358399746101e-59,True,True,5.067785700304579e-59,True
cdhit,streme,LGTSIPD,56,0,8682,86820,0.00645,0.0,inf,inf,4.090863155667552e-59,4.66358399746101e-59,True,True,5.067785700304579e-59,True
cdhit,streme,SLSVAQ,54,0,8682,86820,0.00622,0.0,inf,inf,5.0069601270158115e-57,5.596014259605907e-57,True,True,6.156706526552776e-57,True
cdhit,streme,AGGSRQ,48,0,8682,86820,0.005529,0.0,inf,inf,9.156997171497118e-51,1.0037477668756456e-50,True,True,1.0935694463802313e-50,True
cdhit,streme,LFDLDVV,42,0,8682,86820,0.004838,0.0,inf,inf,1.6683420845461492e-44,1.7942546947005755e-44,True,True,1.9366768254172081e-44,True
cdhit,streme,KIEEYT,39,0,8682,86820,0.004492,0.0,inf,inf,2.2487123847528575e-41,2.373640850572461e-41,True,True,2.5393622848229545e-41,True
cdhit,meme,FLGAJLKLAAKVLPKIICKI,738,2,8682,86820,0.085003,2.3e-05,3690.0,4032.7092145015104,0.0,0.0,True,True,0.0,True
cdhit,streme,IJFLSLFLVV,711,2,8682,86820,0.081894,2.3e-05,3555.0,3872.010914565299,0.0,0.0,True,True,0.0,True
cdhit,meme,CXTDEDCPKVC,1371,6,8682,86820,0.157913,6.9e-05,2284.9999999999995,2713.3085761181783,0.0,0.0,True,True,0.0,True
mmseq,streme,ARNIYNVCR,223,1,13146,131460,0.016963,8e-06,2230.0,2268.463746808017,2.1435168715669602e-231,7.395133206906012e-231,True,True,5.474212318155621e-231,True
mmseq,streme,FLGLLLKLIK,1357,7,13146,131460,0.103225,5.3e-05,1938.5714285714287,2161.600050894902,0.0,0.0,True,True,0.0,True
cdhit,streme,FLPLLAGL,321,2,8682,86820,0.036973,2.3e-05,1605.0,1666.5816289917475,0.0,0.0,True,True,0.0,True
cdhit,streme,CIYGTCR,818,9,8682,86820,0.094218,0.000104,908.8888888888888,1003.3259579518481,0.0,0.0,True,True,0.0,True
mmseq,streme,GYKGGY,327,4,13146,131460,0.024874,3e-05,817.5,838.3281067165925,0.0,0.0,True,True,0.0,True
cdhit,streme,LKKLLKKLKK,1278,17,8682,86820,0.147201,0.000196,751.7647058823529,881.353751549242,0.0,0.0,True,True,0.0,True
mmseq,streme,FLSLFL,361,5,13146,131460,0.027461,3.8e-05,722.0,742.3583105201408,0.0,0.0,True,True,0.0,True
cdhit,meme,CRRRGGYCRFXPCPFCPF,1033,16,8682,86820,0.118982,0.000184,645.625,732.681821153092,0.0,0.0,True,True,0.0,True
cdhit,meme,VLSKLGBVIEEI,255,4,8682,86820,0.029371,4.6e-05,637.5,656.7604129583482,1.1450846497505154e-259,1.5267795330006871e-259,True,True,3.27731123894113e-259,True
cdhit,streme,GCKIKGEC,305,5,8682,86820,0.03513,5.8e-05,610.0,632.1732123671959,2.53427715933523e-310,1.31321634620098e-309,True,True,7.9375473292386e-310,True
mmseq,meme,KLKLLCKLKK,753,14,13146,131460,0.05728,0.000106,537.8571428571429,570.4766400387315,0.0,0.0,True,True,0.0,True
mmseq,streme,CPSDYP,316,6,13146,131460,0.024038,4.6e-05,526.6666666666666,539.6137178487919,2.1862e-319,1.160363e-318,True,True,7.11583e-319,True
mmseq,streme,GGSFND,156,3,13146,131460,0.011867,2.3e-05,520.0,526.2327944572748,7.480348069262002e-158,1.911644506589178e-157,True,True,1.4960696138524003e-157,True
mmseq,meme,KKKKKKKKKK,1122,22,13146,131460,0.085349,0.000167,509.99999999999994,557.496506986028,0.0,0.0,True,True,0.0,True
cdhit,meme,AAAAAVAGAAAG,242,5,8682,86820,0.027874,5.8e-05,484.0,497.84905213270144,2.0384291932082832e-244,2.5480364915103538e-244,True,True,5.5472007552881143e-244,True
mmseq,streme,KGAAKN,338,8,13146,131460,0.025711,6.1e-05,422.5,433.62328232354776,0.0,0.0,True,True,0.0,True
cdhit,streme,VVAATY,82,2,8682,86820,0.009445,2.3e-05,410.0,413.8997674418605,8.233489678761738e-83,1.1446558821693147e-82,True,True,1.138966072228707e-82,True
mmseq,streme,KKLWKK,1877,54,13146,131460,0.142781,0.000411,347.59259259259255,405.3221423571055,0.0,0.0,True,True,0.0,True
cdhit,meme,GJLSGJLGAGKNJVC,605,18,8682,86820,0.069684,0.000207,336.1111111111111,361.21229004168214,0.0,0.0,True,True,0.0,True
cdhit,meme,WKKWKKKW,684,21,8682,86820,0.078784,0.000242,325.7142857142857,353.48429964634016,0.0,0.0,True,True,0.0,True
mmseq,streme,KKKKTK,495,20,13146,131460,0.037654,0.000152,247.5,257.144889732037,0.0,0.0,True,True,0.0,True
mmseq,meme,FLGALLKLA,897,37,13146,131460,0.068234,0.000281,242.43243243243242,260.11264239993113,0.0,0.0,True,True,0.0,True
mmseq,meme,RKRRRRRR,1014,46,13146,131460,0.077134,0.00035,220.43478260869568,238.77527630843332,0.0,0.0,True,True,0.0,True
mmseq,meme,WKKJLKKILK,1168,61,13146,131460,0.088848,0.000464,191.47540983606555,210.0490681002603,0.0,0.0,True,True,0.0,True
cdhit,meme,CWKGKGKC,1090,65,8682,86820,0.125547,0.000749,167.6923076923077,191.62468590419064,0.0,0.0,True,True,0.0,True
mmseq,streme,KLKCKL,515,33,13146,131460,0.039175,0.000251,156.06060606060603,162.38284595619723,0.0,0.0,True,True,0.0,True
cdhit,streme,NYWILEY,90,6,8682,86820,0.010366,6.9e-05,150.0,151.56075418994413,6.544572604907416e-86,9.565144576403147e-86,True,True,9.285461986449839e-86,True
mmseq,streme,ALGTNV,45,3,13146,131460,0.003423,2.3e-05,150.0,150.5117929929013,1.6770947624540422e-43,2.1833875209307343e-43,True,True,1.933317573384521e-43,True
mmseq,streme,GHGQHG,44,3,13146,131460,0.003347,2.3e-05,146.66666666666669,147.1558540680812,1.7350000255632063e-42,2.2169444771085413e-42,True,True,1.972671261941728e-42,True
mmseq,meme,KKLEKLAKKI,845,62,13146,131460,0.064278,0.000472,136.29032258064515,145.58390217422658,0.0,0.0,True,True,0.0,True
cdhit,meme,KKVGKKVAKAVAK,551,44,8682,86820,0.063465,0.000507,125.22727272727273,133.64557641350163,0.0,0.0,True,True,0.0,True
mmseq,meme,PRPXPPPPRPPRPPP,209,19,13146,131460,0.015898,0.000145,110.0,111.76091829635928,2.0063396882618414e-192,2.5079246103273017e-192,True,True,4.826846206542981e-192,True
mmseq,meme,RWRWRW,1322,129,13146,131460,0.100563,0.000981,102.48062015503875,113.8268126317777,0.0,0.0,True,True,0.0,True
mmseq,streme,GGGSSI,95,10,13146,131460,0.007227,7.6e-05,95.0,95.68423875565091,9.70045521627064e-87,1.6733285248066855e-86,True,True,1.4125224262288826e-86,True
mmseq,meme,MAKILK,303,32,13146,131460,0.023049,0.000243,94.6875,96.89783345012847,3.1499356545007525e-274,4.1999142060010033e-274,True,True,9.173496818370612e-274,True
cdhit,streme,AITKKC,142,15,8682,86820,0.016356,0.000173,94.66666666666667,96.22412177985949,3.7991947848439715e-129,8.020522323559495e-129,True,True,6.930399277847244e-129,True
mmseq,streme,AILSAI,100,11,13146,131460,0.007607,8.4e-05,90.9090909090909,91.59826069990105,8.698060558991249e-91,1.579384680448411e-90,True,True,1.3246587640298602e-90,True
mmseq,meme,EEEEEEEEEEEEEEEZ,190,22,13146,131460,0.014453,0.000167,86.36363636363636,87.6154958039799,2.181001755673682e-170,2.565884418439626e-170,True,True,4.52557864302289e-170,True
cdhit,streme,AKQLLES,116,14,8682,86820,0.013361,0.000161,82.85714285714286,83.96564490844202,4.6381568191661025e-104,8.528223828789284e-104,True,True,7.623109227540327e-104,True
mmseq,streme,VVNDLL,61,8,13146,131460,0.00464,6.1e-05,76.25,76.60080244554834,1.0427870181855218e-54,1.5309000905276807e-54,True,True,1.272813566314681e-54,True
mmseq,streme,MFTLKKSL,366,52,13146,131460,0.027841,0.000396,70.38461538461539,72.371686529433,0.0,0.0,True,True,0.0,True
mmseq,meme,NGGKCC,463,66,13146,131460,0.03522,0.000502,70.15151515151516,72.6759298416635,0.0,0.0,True,True,0.0,True
mmseq,streme,IKAGPAV,164,25,13146,131460,0.012475,0.00019,65.60000000000001,66.41608380835002,6.19401684282983e-142,1.4737488350181322e-141,True,True,1.1818468918502895e-141,True
mmseq,streme,IIFRIL,102,16,13146,131460,0.007759,0.000122,63.75,64.24068537258509,2.184011033553408e-88,3.8640195209021836e-88,True,True,3.2370163533023727e-88,True
mmseq,meme,WWRRWW,1454,230,13146,131460,0.110604,0.00175,63.21739130434783,70.95465498519984,0.0,0.0,True,True,0.0,True
mmseq,streme,LQKILGG,140,24,13146,131460,0.01065,0.000183,58.333333333333336,58.95048439181916,3.393462639267327e-119,7.095421882104411e-119,True,True,5.867862480399753e-119,True
mmseq,streme,GKLLES,60,11,13146,131460,0.004564,8.4e-05,54.54545454545455,54.79096327789588,2.6670075632100838e-51,3.7555820788060364e-51,True,True,3.208139532557057e-51,True
mmseq,streme,LLALLAE,101,20,13146,131460,0.007683,0.000152,50.5,50.88325028746646,2.521515774842782e-84,4.142490201527427e-84,True,True,3.517408559864721e-84,True
mmseq,streme,QLRRPVR,166,35,13146,131460,0.012627,0.000266,47.42857142857142,48.02234206471495,3.347071916150292e-136,7.698265407145672e-136,True,True,6.242853236864589e-136,True
mmseq,streme,VVGQAATI,107,25,13146,131460,0.008139,0.00019,42.8,43.143017102538536,1.4209799401789175e-86,2.391405265179154e-86,True,True,2.051153652780003e-86,True
mmseq,streme,RGARRG,278,65,13146,131460,0.021147,0.000494,42.769230769230774,43.671612347863515,5.784486785986764e-223,1.8142254010594853e-222,True,True,1.4331713529459743e-222,True
cdhit,streme,GIJKKI,543,130,8682,86820,0.062543,0.001497,41.76923076923077,44.48918313533131,0.0,0.0,True,True,0.0,True
cdhit,meme,KKJKDFLKK,511,123,8682,86820,0.058857,0.001417,41.54471544715447,44.080310795764916,0.0,0.0,True,True,0.0,True
mmseq,streme,FTLKKS,227,57,13146,131460,0.017268,0.000434,39.824561403508774,40.50674852624246,1.34610030944023e-179,3.870038389640661e-179,True,True,3.0196304238794347e-179,True
mmseq,streme,SAAPEP,46,12,13146,131460,0.003499,9.1e-05,38.333333333333336,38.46442748091603,3.397563494502322e-37,4.1862835914403606e-37,True,True,3.7852049670294325e-37,True
mmseq,meme,EEZEEE,53,14,13146,131460,0.004032,0.000106,37.85714285714286,38.006339265256244,1.546671914567447e-42,1.546671914567447e-42,True,True,1.7706726746082497e-42,True
mmseq,streme,KKJEELAKK,184,50,13146,131460,0.013997,0.00038,36.800000000000004,37.308193180064805,2.3404135685449687e-143,5.767447722485815e-143,True,True,4.5175424695170325e-143,True
mmseq,streme,TISGECH,84,23,13146,131460,0.00639,0.000175,36.52173913043478,36.75017475185237,4.3590336829190444e-66,6.835757366395775e-66,True,True,5.653121807535635e-66,True
cdhit,streme,AGPAVGVI,229,64,8682,86820,0.026376,0.000737,35.78125000000001,36.723507926180055,1.977555912286492e-177,5.932667736859476e-177,True,True,4.3769904191941025e-177,True
mmseq,streme,PFVFLR,81,24,13146,131460,0.006162,0.000183,33.75,33.95304247990815,1.1294575097417101e-62,1.6941862646125653e-62,True,True,1.4312209665429303e-62,True
mmseq,streme,GTCDLLS,326,111,13146,131460,0.024798,0.000844,29.36936936936937,30.090774549900914,4.165370570911343e-240,1.5967253855160148e-239,True,True,1.1152443786633595e-239,True
mmseq,streme,QRNMRKVR,353,126,13146,131460,0.026852,0.000958,28.015873015873016,28.76132780947914,8.34774365241234e-257,3.388201835390891e-256,True,True,2.3095424105007476e-256,True
mmseq,streme,GLKKLF,246,93,13146,131460,0.018713,0.000707,26.451612903225808,26.936969242310578,2.1140112696502676e-176,5.834671104234739e-176,True,True,4.6174456679203216e-176,True
mmseq,meme,CGCCCGAGECRKXCC,1595,623,13146,131460,0.12133,0.004739,25.601926163723917,28.999040892417504,0.0,0.0,True,True,0.0,True
mmseq,streme,DWAKLGTS,46,18,13146,131460,0.003499,0.000137,25.555555555555557,25.641781170483462,7.862169166606342e-34,9.353270215445478e-34,True,True,8.586316326688506e-34,True
cdhit,streme,LLQLLK,154,62,8682,86820,0.017738,0.000714,24.83870967741936,25.269192943170125,3.917787290678351e-109,7.700478467885034e-109,True,True,6.636251941353125e-109,True
mmseq,streme,RRKKAAV,187,85,13146,131460,0.014225,0.000647,22.000000000000004,22.303032641407516,2.3308310804084786e-127,5.025854517130782e-127,True,True,4.160408165030187e-127,True
cdhit,streme,EVGMDVVRT,22,12,8682,86820,0.002534,0.000138,18.333333333333332,18.377367205542726,2.2152545674817957e-15,2.2548126847582563e-15,True,True,2.327419355708722e-15,True
mmseq,streme,EEEAAAP,62,35,13146,131460,0.004716,0.000266,17.71428571428571,17.793488229899115,2.691654114246832e-40,3.3768024342369346e-40,True,True,3.0190174524660412e-40,True
mmseq,streme,AKAKAAK,276,156,13146,131460,0.020995,0.001187,17.692307692307693,18.050277927201005,2.7060507645295444e-174,7.1814424135591755e-174,True,True,5.833823726128629e-174,True
cdhit,streme,RRRRWRR,641,381,8682,86820,0.073831,0.004388,16.824146981627297,18.08559185356152,0.0,0.0,True,True,0.0,True
cdhit,meme,LLDTIKNVGKNVAGGL,597,383,8682,86820,0.068763,0.004411,15.587467362924283,16.66461244834986,0.0,0.0,True,True,0.0,True
cdhit,streme,EEVEKRS,152,106,8682,86820,0.017507,0.001221,14.339622641509436,14.577327523280763,2.9845011726965826e-89,4.59774504982987e-89,True,True,4.4633080600687635e-89,True
mmseq,streme,QWAVGHL,89,63,13146,131460,0.00677,0.000479,14.126984126984127,14.21646115748896,1.7406271188585594e-52,2.502151483359179e-52,True,True,2.109081034529349e-52,True
mmseq,streme,PRPRPPPR,612,443,13146,131460,0.046554,0.00337,13.81489841986456,14.440613900394089,0.0,0.0,True,True,0.0,True
mmseq,streme,YGNGVY,174,128,13146,131460,0.013236,0.000974,13.59375,13.762676341350602,1.557977427853826e-99,2.9054173654571347e-99,True,True,2.4867716636897607e-99,True
mmseq,streme,RLRLLLRL,194,166,13146,131460,0.014757,0.001263,11.686746987951809,11.846817163651517,1.535868797018097e-103,2.9437485276180194e-103,True,True,2.499551179460825e-103,True
mmseq,streme,RIRVAVIR,452,394,13146,131460,0.034383,0.002997,11.472081218274111,11.844964526188079,4.78032447862288e-238,1.7360125738156775e-237,True,True,1.259577561033965e-237,True
mmseq,streme,AGGSRPQ,36,32,13146,131460,0.002738,0.000243,11.25,11.278146453089246,4.096248874041939e-20,4.558728585627319e-20,True,True,4.3310656884774644e-20,True
cdhit,streme,NVDAYVKC,72,71,8682,86820,0.008293,0.000818,10.140845070422536,10.217284192962653,7.936737826472983e-37,8.225346474708364e-37,True,True,8.783323194630102e-37,True
mmseq,streme,PFKISIH,90,89,13146,131460,0.006846,0.000677,10.112359550561798,10.175174529081296,1.5681591917854003e-45,2.0808266198690888e-45,True,True,1.833200181946313e-45,True
mmseq,streme,AAFAAWAAF,135,144,13146,131460,0.010269,0.001095,9.375,9.461897625086465,7.68175453865487e-65,1.1778690292604134e-64,True,True,9.885048476098515e-65,True
mmseq,meme,GGYGGYGGGGGGGGGGGG,192,207,13146,131460,0.014605,0.001575,9.27536231884058,9.398017063723811,4.8119368460463784e-91,5.346596495607087e-91,True,True,7.396125152256471e-91,True
mmseq,streme,RIGQRIRD,623,700,13146,131460,0.047391,0.005325,8.9,9.293012856344326,1.7299077286891147e-287,7.957575551969928e-287,True,True,5.2211760538616915e-287,True
cdhit,meme,KEKKREKERKERKR,190,223,8682,86820,0.021884,0.002569,8.520179372197308,8.688435858386368,4.6090900215239536e-86,4.85167370686732e-86,True,True,6.595766754939451e-86,True
mmseq,streme,KILGRK,110,130,13146,131460,0.008368,0.000989,8.461538461538462,8.524500200627847,3.775097298397743e-50,5.209634271788885e-50,True,True,4.476186796671609e-50,True
mmseq,meme,RVAVIRA,186,226,13146,131460,0.014149,0.001719,8.230088495575222,8.333853654539496,2.380928947120993e-82,2.5062409969694666e-82,True,True,3.266398390265164e-82,True
mmseq,streme,LKEVSEZE,53,78,13146,131460,0.004032,0.000593,6.794871794871795,6.818329230534226,7.207557180749802e-22,8.152810581503874e-22,True,True,7.669580076951712e-22,True
mmseq,streme,LIIVGG,66,112,13146,131460,0.005021,0.000852,5.892857142857143,5.917545871559633,2.6921439992257358e-24,3.1484395923148435e-24,True,True,2.901921453710858e-24,True
mmseq,streme,IKDFLR,100,170,13146,131460,0.007607,0.001293,5.882352941176471,5.919777078392295,6.21909825749646e-36,7.528382101179926e-36,True,True,6.836889475128559e-36,True
mmseq,streme,RIRARI,323,578,13146,131460,0.02457,0.004397,5.588235294117647,5.703808872843374,3.219185742689314e-108,6.346394749873219e-108,True,True,5.343848332864261e-108,True
mmseq,streme,ALKAIAKAAKKLL,951,1733,13146,131460,0.072341,0.013183,5.487593768032314,5.8375488048013775,3.6274727e-316,1.78782583e-315,True,True,1.158000903e-315,True
mmseq,streme,DEGEMTEEEKK,171,373,13146,131460,0.013008,0.002837,4.584450402144772,4.631690557733732,9.155284293571425e-49,1.2386561103067223e-48,True,True,1.0778561650587634e-48,True
cdhit,meme,DPEEPVVR,96,211,8682,86820,0.011057,0.00243,4.549763033175355,4.589452906362501,6.1949026434348995e-28,6.1949026434348995e-28,True,True,6.72126692032806e-28,True
mmseq,streme,PPGFTPF,96,246,13146,131460,0.007303,0.001871,3.9024390243902443,3.9237902999719654,5.541515552910551e-24,6.3727428858471334e-24,True,True,5.934784398600978e-24,True
cdhit,streme,GNVTLL,37,95,8682,86820,0.004262,0.001094,3.894736842105263,3.9071261148823475,3.4540794619359453e-10,3.4540794619359453e-10,True,True,3.539365374576339e-10,True
mmseq,streme,VAPFPE,42,129,13146,131460,0.003195,0.000981,3.2558139534883717,3.2630441264162195,2.047955077482519e-09,2.141043944640815e-09,True,True,2.085647502221461e-09,True
mmseq,streme,FALVCQ,148,802,13146,131460,0.011258,0.006101,1.8453865336658355,1.8550124151077914,1.5383353793145773e-10,1.633002171887782e-10,True,True,1.5861097699765207e-10,True
mmseq,streme,GLLSRL,324,1991,13146,131460,0.024646,0.015145,1.6273229532898041,1.6431748201487884,1.0625982036416139e-14,1.1637980325598628e-14,True,True,1.1093792566321252e-14,True
mmseq,streme,LIVHQRLF,96,656,13146,131460,0.007303,0.00499,1.4634146341463414,1.4668236613400616,0.0009037273120024092,0.0009307042466890483,True,True,0.0009147483767829264,True
